Source Label	Method	Feature Family	P Value Bin	N Tests
CLR_comprehensive	CLR_LM	agora2_exchange	0-0.001	1286
CLR_comprehensive	CLR_LM	agora2_exchange	0.001-0.01	5987
CLR_comprehensive	CLR_LM	agora2_exchange	0.01-0.05	17635
CLR_comprehensive	CLR_LM	agora2_exchange	0.05-0.1	21939
CLR_comprehensive	CLR_LM	agora2_exchange	0.1-0.25	42223
CLR_comprehensive	CLR_LM	agora2_exchange	0.25-0.5	67834
CLR_comprehensive	CLR_LM	agora2_exchange	0.5-0.75	68805
CLR_comprehensive	CLR_LM	agora2_exchange	0.75-1.0	66443
CLR_comprehensive	CLR_LM	agora2_reaction	0-0.001	1724
CLR_comprehensive	CLR_LM	agora2_reaction	0.001-0.01	5120
CLR_comprehensive	CLR_LM	agora2_reaction	0.01-0.05	24384
CLR_comprehensive	CLR_LM	agora2_reaction	0.05-0.1	29010
CLR_comprehensive	CLR_LM	agora2_reaction	0.1-0.25	98891
CLR_comprehensive	CLR_LM	agora2_reaction	0.25-0.5	189169
CLR_comprehensive	CLR_LM	agora2_reaction	0.5-0.75	195658
CLR_comprehensive	CLR_LM	agora2_reaction	0.75-1.0	208420
CLR_comprehensive	CLR_LM	agora2_subsystem	0-0.001	82
CLR_comprehensive	CLR_LM	agora2_subsystem	0.001-0.01	314
CLR_comprehensive	CLR_LM	agora2_subsystem	0.01-0.05	814
CLR_comprehensive	CLR_LM	agora2_subsystem	0.05-0.1	1079
CLR_comprehensive	CLR_LM	agora2_subsystem	0.1-0.25	4408
CLR_comprehensive	CLR_LM	agora2_subsystem	0.25-0.5	11376
CLR_comprehensive	CLR_LM	agora2_subsystem	0.5-0.75	14123
CLR_comprehensive	CLR_LM	agora2_subsystem	0.75-1.0	15556
CLR_comprehensive	CLR_LM	humann_pathways	0-0.001	1413
CLR_comprehensive	CLR_LM	humann_pathways	0.001-0.01	7723
CLR_comprehensive	CLR_LM	humann_pathways	0.01-0.05	35488
CLR_comprehensive	CLR_LM	humann_pathways	0.05-0.1	38644
CLR_comprehensive	CLR_LM	humann_pathways	0.1-0.25	110464
CLR_comprehensive	CLR_LM	humann_pathways	0.25-0.5	191232
CLR_comprehensive	CLR_LM	humann_pathways	0.5-0.75	185204
CLR_comprehensive	CLR_LM	humann_pathways	0.75-1.0	181832
CLR_comprehensive	CLR_LM	mag_abundance	0-0.001	1272
CLR_comprehensive	CLR_LM	mag_abundance	0.001-0.01	5645
CLR_comprehensive	CLR_LM	mag_abundance	0.01-0.05	24731
CLR_comprehensive	CLR_LM	mag_abundance	0.05-0.1	30763
CLR_comprehensive	CLR_LM	mag_abundance	0.1-0.25	94907
CLR_comprehensive	CLR_LM	mag_abundance	0.25-0.5	165353
CLR_comprehensive	CLR_LM	mag_abundance	0.5-0.75	172527
CLR_comprehensive	CLR_LM	mag_abundance	0.75-1.0	173330
CLR_comprehensive	CLR_LM	taxonomy_genus	0-0.001	548
CLR_comprehensive	CLR_LM	taxonomy_genus	0.001-0.01	1913
CLR_comprehensive	CLR_LM	taxonomy_genus	0.01-0.05	6463
CLR_comprehensive	CLR_LM	taxonomy_genus	0.05-0.1	7858
CLR_comprehensive	CLR_LM	taxonomy_genus	0.1-0.25	24337
CLR_comprehensive	CLR_LM	taxonomy_genus	0.25-0.5	43406
CLR_comprehensive	CLR_LM	taxonomy_genus	0.5-0.75	42801
CLR_comprehensive	CLR_LM	taxonomy_genus	0.75-1.0	41498
CLR_comprehensive	CLR_LM	taxonomy_species	0-0.001	865
CLR_comprehensive	CLR_LM	taxonomy_species	0.001-0.01	2702
CLR_comprehensive	CLR_LM	taxonomy_species	0.01-0.05	9092
CLR_comprehensive	CLR_LM	taxonomy_species	0.05-0.1	10638
CLR_comprehensive	CLR_LM	taxonomy_species	0.1-0.25	33385
CLR_comprehensive	CLR_LM	taxonomy_species	0.25-0.5	60062
CLR_comprehensive	CLR_LM	taxonomy_species	0.5-0.75	61246
CLR_comprehensive	CLR_LM	taxonomy_species	0.75-1.0	60394
CLR_targeted	CLR_targeted	agora2_exchange	0.001-0.01	18
CLR_targeted	CLR_targeted	agora2_exchange	0.01-0.05	415
CLR_targeted	CLR_targeted	agora2_exchange	0.05-0.1	461
CLR_targeted	CLR_targeted	agora2_exchange	0.1-0.25	357
CLR_targeted	CLR_targeted	agora2_exchange	0.25-0.5	412
CLR_targeted	CLR_targeted	agora2_exchange	0.5-0.75	661
CLR_targeted	CLR_targeted	agora2_exchange	0.75-1.0	784
CLR_targeted	CLR_targeted	agora2_reaction	0.001-0.01	24
CLR_targeted	CLR_targeted	agora2_reaction	0.01-0.05	152
CLR_targeted	CLR_targeted	agora2_reaction	0.05-0.1	272
CLR_targeted	CLR_targeted	agora2_reaction	0.1-0.25	1068
CLR_targeted	CLR_targeted	agora2_reaction	0.25-0.5	2442
CLR_targeted	CLR_targeted	agora2_reaction	0.5-0.75	1929
CLR_targeted	CLR_targeted	agora2_reaction	0.75-1.0	2117
CLR_targeted	CLR_targeted	agora2_subsystem	0.001-0.01	1
CLR_targeted	CLR_targeted	agora2_subsystem	0.01-0.05	7
CLR_targeted	CLR_targeted	agora2_subsystem	0.05-0.1	7
CLR_targeted	CLR_targeted	agora2_subsystem	0.1-0.25	33
CLR_targeted	CLR_targeted	agora2_subsystem	0.25-0.5	112
CLR_targeted	CLR_targeted	agora2_subsystem	0.5-0.75	144
CLR_targeted	CLR_targeted	agora2_subsystem	0.75-1.0	204
CLR_targeted	CLR_targeted	humann_pathways	0-0.001	71
CLR_targeted	CLR_targeted	humann_pathways	0.001-0.01	49
CLR_targeted	CLR_targeted	humann_pathways	0.01-0.05	281
CLR_targeted	CLR_targeted	humann_pathways	0.05-0.1	481
CLR_targeted	CLR_targeted	humann_pathways	0.1-0.25	1114
CLR_targeted	CLR_targeted	humann_pathways	0.25-0.5	2354
CLR_targeted	CLR_targeted	humann_pathways	0.5-0.75	1911
CLR_targeted	CLR_targeted	humann_pathways	0.75-1.0	1739
CLR_targeted	CLR_targeted	mag_abundance	0-0.001	1
CLR_targeted	CLR_targeted	mag_abundance	0.001-0.01	43
CLR_targeted	CLR_targeted	mag_abundance	0.01-0.05	245
CLR_targeted	CLR_targeted	mag_abundance	0.05-0.1	333
CLR_targeted	CLR_targeted	mag_abundance	0.1-0.25	919
CLR_targeted	CLR_targeted	mag_abundance	0.25-0.5	1710
CLR_targeted	CLR_targeted	mag_abundance	0.5-0.75	1903
CLR_targeted	CLR_targeted	mag_abundance	0.75-1.0	1958
CLR_targeted	CLR_targeted	taxonomy_genus	0-0.001	1
CLR_targeted	CLR_targeted	taxonomy_genus	0.001-0.01	17
CLR_targeted	CLR_targeted	taxonomy_genus	0.01-0.05	60
CLR_targeted	CLR_targeted	taxonomy_genus	0.05-0.1	87
CLR_targeted	CLR_targeted	taxonomy_genus	0.1-0.25	309
CLR_targeted	CLR_targeted	taxonomy_genus	0.25-0.5	459
CLR_targeted	CLR_targeted	taxonomy_genus	0.5-0.75	434
CLR_targeted	CLR_targeted	taxonomy_genus	0.75-1.0	429
CLR_targeted	CLR_targeted	taxonomy_species	0-0.001	3
CLR_targeted	CLR_targeted	taxonomy_species	0.001-0.01	19
CLR_targeted	CLR_targeted	taxonomy_species	0.01-0.05	87
CLR_targeted	CLR_targeted	taxonomy_species	0.05-0.1	129
CLR_targeted	CLR_targeted	taxonomy_species	0.1-0.25	396
CLR_targeted	CLR_targeted	taxonomy_species	0.25-0.5	636
CLR_targeted	CLR_targeted	taxonomy_species	0.5-0.75	636
CLR_targeted	CLR_targeted	taxonomy_species	0.75-1.0	630
Phase9_terms	ALDEx2	mag_abundance	0-0.001	28
Phase9_terms	ALDEx2	mag_abundance	0.001-0.01	560
Phase9_terms	ALDEx2	mag_abundance	0.01-0.05	3164
Phase9_terms	ALDEx2	mag_abundance	0.05-0.1	4884
Phase9_terms	ALDEx2	mag_abundance	0.1-0.25	15680
Phase9_terms	ALDEx2	mag_abundance	0.25-0.5	30448
Phase9_terms	ALDEx2	mag_abundance	0.5-0.75	32045
Phase9_terms	ALDEx2	mag_abundance	0.75-1.0	10975
Phase9_terms	ALDEx2	taxonomy_genus	0-0.001	14
Phase9_terms	ALDEx2	taxonomy_genus	0.001-0.01	125
Phase9_terms	ALDEx2	taxonomy_genus	0.01-0.05	588
Phase9_terms	ALDEx2	taxonomy_genus	0.05-0.1	786
Phase9_terms	ALDEx2	taxonomy_genus	0.1-0.25	3252
Phase9_terms	ALDEx2	taxonomy_genus	0.25-0.5	9028
Phase9_terms	ALDEx2	taxonomy_genus	0.5-0.75	9546
Phase9_terms	ALDEx2	taxonomy_genus	0.75-1.0	1345
Phase9_terms	ALDEx2	taxonomy_species	0-0.001	20
Phase9_terms	ALDEx2	taxonomy_species	0.001-0.01	161
Phase9_terms	ALDEx2	taxonomy_species	0.01-0.05	876
Phase9_terms	ALDEx2	taxonomy_species	0.05-0.1	1174
Phase9_terms	ALDEx2	taxonomy_species	0.1-0.25	4420
Phase9_terms	ALDEx2	taxonomy_species	0.25-0.5	12573
Phase9_terms	ALDEx2	taxonomy_species	0.5-0.75	13693
Phase9_terms	ALDEx2	taxonomy_species	0.75-1.0	1937
Phase9_terms	ANCOMBC2	mag_abundance	0-0.001	4377
Phase9_terms	ANCOMBC2	mag_abundance	0.001-0.01	11038
Phase9_terms	ANCOMBC2	mag_abundance	0.01-0.05	19161
Phase9_terms	ANCOMBC2	mag_abundance	0.05-0.1	16598
Phase9_terms	ANCOMBC2	mag_abundance	0.1-0.25	39519
Phase9_terms	ANCOMBC2	mag_abundance	0.25-0.5	59582
Phase9_terms	ANCOMBC2	mag_abundance	0.5-0.75	60176
Phase9_terms	ANCOMBC2	mag_abundance	0.75-1.0	65139
Phase9_terms	ANCOMBC2	taxonomy_genus	0-0.001	2392
Phase9_terms	ANCOMBC2	taxonomy_genus	0.001-0.01	4661
Phase9_terms	ANCOMBC2	taxonomy_genus	0.01-0.05	8117
Phase9_terms	ANCOMBC2	taxonomy_genus	0.05-0.1	5395
Phase9_terms	ANCOMBC2	taxonomy_genus	0.1-0.25	10596
Phase9_terms	ANCOMBC2	taxonomy_genus	0.25-0.5	12519
Phase9_terms	ANCOMBC2	taxonomy_genus	0.5-0.75	10370
Phase9_terms	ANCOMBC2	taxonomy_genus	0.75-1.0	15545
Phase9_terms	ANCOMBC2	taxonomy_species	0-0.001	3749
Phase9_terms	ANCOMBC2	taxonomy_species	0.001-0.01	7239
Phase9_terms	ANCOMBC2	taxonomy_species	0.01-0.05	11834
Phase9_terms	ANCOMBC2	taxonomy_species	0.05-0.1	8021
Phase9_terms	ANCOMBC2	taxonomy_species	0.1-0.25	15306
Phase9_terms	ANCOMBC2	taxonomy_species	0.25-0.5	16958
Phase9_terms	ANCOMBC2	taxonomy_species	0.5-0.75	14066
Phase9_terms	ANCOMBC2	taxonomy_species	0.75-1.0	21097
