fastANI95_representative	GTDB_representative_classification	GTDB_display_taxon	representative_oxygen_use_class	n_clusters_in_this_oxygen_class	n_analysis_MAG_members	analysis_MAG_members	member_oxygen_use_classes	all_analysis_members_match_representative_trait	class_level_cluster_sum_p_value	class_level_cluster_max_p_value
A01_bin.12	d__Bacteria;p__Bacillota;c__Clostridia;o__Oscillospirales;f__Acutalibacteraceae;g__Acutalibacter;s__Acutalibacter ornithocaccae	Acutalibacter ornithocaccae	Predicted anaerobe	280	1	A01_bin.12	Predicted anaerobe	TRUE	0.9824559525111343	0.3519006719157689
A01_bin.28	d__Bacteria;p__Bacillota;c__Clostridia;o__Oscillospirales;f__Acutalibacteraceae;g__UMGS1623;s__UMGS1623 sp934647945	UMGS1623 sp934647945	Predicted anaerobe	280	1	A01_bin.28	Predicted anaerobe	TRUE	0.9824559525111343	0.3519006719157689
A01_bin.29	d__Bacteria;p__Bacillota;c__Clostridia;o__Oscillospirales;f__Oscillospiraceae;g__Scatomorpha;s__Scatomorpha pullicola	Scatomorpha pullicola	Predicted anaerobe	280	1	A01_bin.29	Predicted anaerobe	TRUE	0.9824559525111343	0.3519006719157689
A01_bin.31	d__Bacteria;p__Bacillota;c__Clostridia;o__Lachnospirales;f__Lachnospiraceae;g__Mediterraneibacter;s__Mediterraneibacter torques	Mediterraneibacter torques	Predicted anaerobe	280	3	A01_bin.31,A09_bin.17,C07_bin.33	Predicted anaerobe	TRUE	0.9824559525111343	0.3519006719157689
A01_bin.47	d__Bacteria;p__Bacillota;c__Clostridia;o__Christensenellales;f__Aristaeellaceae;g__Egerieenecus;s__Egerieenecus merdigallinarum	Egerieenecus merdigallinarum	Predicted anaerobe	280	1	A01_bin.47	Predicted anaerobe	TRUE	0.9824559525111343	0.3519006719157689
A01_bin.49	d__Bacteria;p__Bacillota;c__Clostridia;o__Oscillospirales;f__Oscillospiraceae;g__CAG-170;s__CAG-170 sp003516765	CAG-170 sp003516765	Predicted anaerobe	280	2	A01_bin.49,G01_bin.40	Predicted anaerobe	TRUE	0.9824559525111343	0.3519006719157689
A01_bin.66	d__Bacteria;p__Bacillota;c__Clostridia;o__Christensenellales;f__Aristaeellaceae;g__Ventricola;s__Ventricola sp900542395	Ventricola sp900542395	Predicted anaerobe	280	8	A01_bin.66,B02_bin.74,C04_bin.11,E03_bin.8,E06_bin.22,G01_bin.48,G03_bin.9,H03_bin.106	Predicted anaerobe	TRUE	0.9824559525111343	0.3519006719157689
A01_bin.69	d__Bacteria;p__Actinomycetota;c__Coriobacteriia;o__Coriobacteriales;f__Eggerthellaceae;g__Anaerotardibacter;s__Anaerotardibacter sp000435675	Anaerotardibacter sp000435675	Predicted anaerobe	280	6	A01_bin.69,A02_bin.13,A07_bin.2,C01_bin.85,D03_bin.44,G01_bin.37	Predicted anaerobe	TRUE	0.9824559525111343	0.3519006719157689
A01_bin.72	d__Bacteria;p__Bacillota;c__Clostridia;o__Oscillospirales;f__Ruminococcaceae;g__Faecalibacterium;s__Faecalibacterium hattorii	Faecalibacterium hattorii	Predicted anaerobe	280	1	A01_bin.72	Predicted anaerobe	TRUE	0.9824559525111343	0.3519006719157689
A01_bin.77	d__Bacteria;p__Bacillota;c__Clostridia;o__Oscillospirales;f__Oscillospiraceae;g__Oscillibacter;s__Oscillibacter sp963557435	Oscillibacter sp963557435	Predicted anaerobe	280	1	A01_bin.77	Predicted anaerobe	TRUE	0.9824559525111343	0.3519006719157689
A01_bin.86	d__Bacteria;p__Bacillota;c__Clostridia;o__Oscillospirales;f__Oscillospiraceae;g__HGM13006;s__HGM13006 sp965147785	HGM13006 sp965147785	Predicted anaerobe	280	1	A01_bin.86	Predicted anaerobe	TRUE	0.9824559525111343	0.3519006719157689
A03_bin.15	d__Bacteria;p__Pseudomonadota;c__Gammaproteobacteria;o__Burkholderiales;f__Burkholderiaceae_F;g__Mesosutterella;s__Mesosutterella massiliensis	Mesosutterella massiliensis	Predicted anaerobe	280	2	A03_bin.15,C03_bin.61	Predicted anaerobe	TRUE	0.9824559525111343	0.3519006719157689
A03_bin.17	d__Bacteria;p__Bacillota;c__Clostridia;o__Lachnospirales;f__Lachnospiraceae;g__Eubacterium_G;s__Eubacterium_G ventriosum	Eubacterium G ventriosum	Predicted anaerobe	280	1	A03_bin.17	Predicted anaerobe	TRUE	0.9824559525111343	0.3519006719157689
A03_bin.21	d__Bacteria;p__Bacillota;c__Clostridia;o__Lachnospirales;f__Lachnospiraceae;g__Hominisplanchenecus;s__Hominisplanchenecus faecis	Hominisplanchenecus faecis	Predicted anaerobe	280	8	A03_bin.21,B04_bin.3,B09_bin.58,C05_bin.81,C06_bin.20,D05_bin.30,E01_bin.12,G06_bin.21	Predicted anaerobe	TRUE	0.9824559525111343	0.3519006719157689
A03_bin.68	d__Bacteria;p__Bacillota;c__Clostridia;o__Lachnospirales;f__Lachnospiraceae;g__Roseburia;s__Roseburia hominis	Roseburia hominis	Predicted anaerobe	280	12	A03_bin.68,B03_bin.70,B08_bin.5,C05_bin.11,C08_bin.49,D06_bin.88,D08_bin.81,E01_bin.69,E02_bin.71,E07_bin.54,F05_bin.32,H01_bin.40	Predicted anaerobe	TRUE	0.9824559525111343	0.3519006719157689
A04_bin.71	d__Bacteria;p__Bacteroidota;c__Bacteroidia;o__Bacteroidales;f__Rikenellaceae;g__Alistipes_A;s__Alistipes_A ihumii	Alistipes A ihumii	Predicted anaerobe	280	21	A01_bin.5,A04_bin.71,A06_bin.37,B02_bin.84,B06_bin.101,C01_bin.30,C05_bin.123,D01_bin.71,D03_bin.1,D05_bin.16,E02_bin.72,E04_bin.6,E08_bin.82,F04_bin.35,F06_bin.7,F08_bin.68,G01_bin.1,G02_bin.62,G05_bin.14,G06_bin.43,H06_bin.90	Predicted anaerobe	TRUE	0.9824559525111343	0.3519006719157689
A04_bin.72	d__Bacteria;p__Bacillota;c__Clostridia;o__Lachnospirales;f__Lachnospiraceae;g__Eubacterium_G;s__Eubacterium_G segne	Eubacterium G segne	Predicted anaerobe	280	1	A04_bin.72	Predicted anaerobe	TRUE	0.9824559525111343	0.3519006719157689
A04_bin.93	d__Bacteria;p__Bacillota;c__Clostridia;o__Oscillospirales;f__Ruminococcaceae;g__Gemmiger;s__Gemmiger qucibialis	Gemmiger qucibialis	Predicted anaerobe	280	42	A01_bin.25,A03_bin.59,A04_bin.93,A05_bin.119,A06_bin.50,A07_bin.17,A08_bin.103,A09_bin.38,B01_bin.61,B02_bin.54,B03_bin.46,B04_bin.32,B06_bin.8,B08_bin.44,B09_bin.74,C01_bin.49,C02_bin.5,C04_bin.67,C06_bin.52,C07_bin.9,D01_bin.34,D03_bin.90,D05_bin.91,D06_bin.56,D07_bin.61,E01_bin.86,E06_bin.21,E07_bin.29,E08_bin.69,F02_bin.30,F06_bin.56,F07_bin.96,F08_bin.30,G01_bin.89,G02_bin.31,G03_bin.40,G04_bin.103,G05_bin.58,G06_bin.46,G07_bin.23,H03_bin.59,H07_bin.7	Predicted anaerobe	TRUE	0.9824559525111343	0.3519006719157689
A05_bin.102	d__Bacteria;p__Bacillota;c__Clostridia;o__Oscillospirales;f__Ruminococcaceae;g__Porcipelethomonas;s__Porcipelethomonas ammoniilytica	Porcipelethomonas ammoniilytica	Predicted anaerobe	280	2	A05_bin.102,F07_bin.94	Predicted anaerobe	TRUE	0.9824559525111343	0.3519006719157689
A05_bin.109	d__Bacteria;p__Bacteroidota;c__Bacteroidia;o__Bacteroidales;f__Bacteroidaceae;g__Bacteroides;s__Bacteroides sp900755095	Bacteroides sp900755095	Predicted anaerobe	280	5	A05_bin.109,B03_bin.30,E03_bin.6,F01_bin.68,H05_bin.66	Predicted anaerobe	TRUE	0.9824559525111343	0.3519006719157689
A05_bin.15	d__Bacteria;p__Bacillota;c__Clostridia;o__Lachnospirales;f__Lachnospiraceae;g__Coprococcus_A;s__Coprococcus_A intestinihominis	Coprococcus A intestinihominis	Predicted anaerobe	280	1	A05_bin.15	Predicted anaerobe	TRUE	0.9824559525111343	0.3519006719157689
A05_bin.49	d__Bacteria;p__Bacillota;c__Bacilli;o__Lactobacillales;f__Streptococcaceae;g__Streptococcus;s__Streptococcus salivarius_D	Streptococcus salivarius D	Facultative/other	8	2	A05_bin.49,A07_bin.29	Facultative/other	TRUE	0.010925744105273945	0.01646798509219056
A05_bin.5	d__Archaea;p__Methanobacteriota;c__Methanobacteria;o__Methanobacteriales;f__Methanobacteriaceae;g__Methanocatella;s__Methanocatella smithii	Methanocatella smithii	Predicted anaerobe	280	4	A05_bin.5,E04_bin.4,G04_bin.93,G08_bin.85	Predicted anaerobe	TRUE	0.9824559525111343	0.3519006719157689
A05_bin.79	d__Bacteria;p__Bacillota;c__Clostridia;o__Oscillospirales;f__Acutalibacteraceae;g__Fimenecus;s__Fimenecus sp000432435	Fimenecus sp000432435	Predicted anaerobe	280	5	A05_bin.79,B08_bin.60,F04_bin.26,F06_bin.38,G07_bin.35	Predicted anaerobe	TRUE	0.9824559525111343	0.3519006719157689
A05_bin.91	d__Bacteria;p__Bacillota;c__Clostridia;o__Peptostreptococcales;f__Anaerovoracaceae;g__CAG-238;s__CAG-238 sp900542245	CAG-238 sp900542245	Predicted anaerobe	280	1	A05_bin.91	Predicted anaerobe	TRUE	0.9824559525111343	0.3519006719157689
A06_bin.107	d__Bacteria;p__Bacteroidota;c__Bacteroidia;o__Bacteroidales;f__Marinifilaceae;g__Odoribacter;s__Odoribacter splanchnicus	Odoribacter splanchnicus	Predicted anaerobe	280	44	A02_bin.55,A04_bin.91,A06_bin.107,A07_bin.50,A08_bin.8,B03_bin.40,B05_bin.64,B06_bin.28,B07_bin.52,B08_bin.33,B09_bin.99,C01_bin.55,C02_bin.79,C04_bin.44,C05_bin.55,C06_bin.2,C07_bin.43,C08_bin.67,D03_bin.19,D05_bin.70,D08_bin.36,E01_bin.76,E02_bin.63,E03_bin.27,E06_bin.68,E07_bin.52,E08_bin.88,F02_bin.36,F03_bin.3,F04_bin.32,F05_bin.8,F06_bin.89,F08_bin.57,G02_bin.1,G04_bin.2,G05_bin.34,G06_bin.30,G07_bin.103,H02_bin.16,H03_bin.70,H04_bin.2,H05_bin.42,H06_bin.91,H07_bin.8	Predicted anaerobe	TRUE	0.9824559525111343	0.3519006719157689
A06_bin.108	d__Bacteria;p__Bacillota;c__Clostridia;o__Oscillospirales;f__Ruminococcaceae;g__Angelakisella;s__Angelakisella sp900547385	Angelakisella sp900547385	Predicted anaerobe	280	2	A06_bin.108,G05_bin.7	Predicted anaerobe	TRUE	0.9824559525111343	0.3519006719157689
A06_bin.30	d__Bacteria;p__Bacillota;c__Clostridia;o__Lachnospirales;f__Lachnospiraceae;g__Eubacterium_U;s__Eubacterium_U album	Eubacterium U album	Predicted anaerobe	280	1	A06_bin.30	Predicted anaerobe	TRUE	0.9824559525111343	0.3519006719157689
A06_bin.31	d__Bacteria;p__Bacillota;c__Clostridia;o__Lachnospirales;f__Lachnospiraceae;g__Oliverpabstia;s__Oliverpabstia intestinalis	Oliverpabstia intestinalis	Predicted anaerobe	280	1	A06_bin.31	Predicted anaerobe	TRUE	0.9824559525111343	0.3519006719157689
A07_bin.40	d__Bacteria;p__Bacillota;c__Clostridia;o__Oscillospirales;f__Butyricicoccaceae;g__Agathobaculum;s__Agathobaculum hominis	Agathobaculum hominis	Predicted anaerobe	280	4	A07_bin.40,C03_bin.15,E03_bin.44,F08_bin.28	Predicted anaerobe	TRUE	0.9824559525111343	0.3519006719157689
A07_bin.65	d__Bacteria;p__Bacteroidota;c__Bacteroidia;o__Bacteroidales;f__Barnesiellaceae;g__Barnesiella;s__Barnesiella intestinihominis	Barnesiella intestinihominis	Predicted anaerobe	280	18	A04_bin.39,A07_bin.65,B01_bin.60,B02_bin.88,C04_bin.66,C08_bin.42,D06_bin.7,E01_bin.2,E04_bin.29,E07_bin.68,F02_bin.96,F06_bin.88,F07_bin.17,G01_bin.8,G06_bin.79,G08_bin.56,H05_bin.12,H06_bin.81	Predicted anaerobe	TRUE	0.9824559525111343	0.3519006719157689
A07_bin.75	d__Bacteria;p__Actinomycetota;c__Coriobacteriia;o__Coriobacteriales;f__Eggerthellaceae;g__Slackia;s__Slackia isoflavoniconvertens	Slackia isoflavoniconvertens	Predicted anaerobe	280	1	A07_bin.75	Predicted anaerobe	TRUE	0.9824559525111343	0.3519006719157689
A07_bin.77	d__Bacteria;p__Bacillota;c__Clostridia;o__Oscillospirales;f__CAG-382;g__UMGS882;s__UMGS882 sp900757905	UMGS882 sp900757905	Predicted anaerobe	280	1	A07_bin.77	Predicted anaerobe	TRUE	0.9824559525111343	0.3519006719157689
A07_bin.85	d__Bacteria;p__Bacteroidota;c__Bacteroidia;o__Bacteroidales;f__Bacteroidaceae;g__Phocaeicola;s__Phocaeicola plebeius	Phocaeicola plebeius	Predicted anaerobe	280	2	A07_bin.85,D05_bin.25	Predicted anaerobe	TRUE	0.9824559525111343	0.3519006719157689
A08_bin.2	d__Bacteria;p__Actinomycetota;c__Coriobacteriia;o__Coriobacteriales;f__Eggerthellaceae;g__Anaerotardibacter;s__Anaerotardibacter sp000436075	Anaerotardibacter sp000436075	Predicted anaerobe	280	4	A08_bin.2,D01_bin.68,E01_bin.65,G07_bin.24	Predicted anaerobe	TRUE	0.9824559525111343	0.3519006719157689
A08_bin.91	d__Bacteria;p__Bacillota;c__Clostridia;o__Lachnospirales;f__Lachnospiraceae;g__Anaerostipes;s__Anaerostipes amylophilus	Anaerostipes amylophilus	Predicted anaerobe	280	9	A01_bin.84,A04_bin.8,A08_bin.91,B09_bin.66,C04_bin.79,C05_bin.108,F02_bin.2,F06_bin.81,G06_bin.82	Predicted anaerobe	TRUE	0.9824559525111343	0.3519006719157689
A09_bin.16	d__Bacteria;p__Bacillota;c__Clostridia;o__Oscillospirales;f__Oscillospiraceae;g__CAG-103;s__CAG-103 sp900317855	CAG-103 sp900317855	Predicted anaerobe	280	5	A09_bin.16,B07_bin.96,E08_bin.81,G03_bin.78,G05_bin.105	Predicted anaerobe	TRUE	0.9824559525111343	0.3519006719157689
A09_bin.21	d__Bacteria;p__Bacillota;c__Clostridia;o__Oscillospirales;f__Oscillospiraceae;g__CAG-170;s__CAG-170 sp900545925	CAG-170 sp900545925	Predicted anaerobe	280	8	A09_bin.21,B01_bin.31,B05_bin.39,B07_bin.20,C02_bin.54,C07_bin.14,G01_bin.54,G05_bin.96	Predicted anaerobe	TRUE	0.9824559525111343	0.3519006719157689
A09_bin.36	d__Bacteria;p__Bacillota;c__Clostridia;o__Oscillospirales;f__Oscillospiraceae;g__Oscillibacter;s__Oscillibacter segnis	Oscillibacter segnis	Predicted anaerobe	280	18	A03_bin.2,A05_bin.89,A06_bin.64,A07_bin.60,A09_bin.36,B06_bin.103,B07_bin.31,C08_bin.33,D03_bin.15,E01_bin.57,E04_bin.47,F03_bin.23,F05_bin.40,F08_bin.43,G01_bin.53,G06_bin.18,H01_bin.10,H06_bin.13	Predicted anaerobe	TRUE	0.9824559525111343	0.3519006719157689
A09_bin.58	d__Bacteria;p__Bacillota;c__Clostridia;o__Peptostreptococcales;f__Anaerovoracaceae;g__Fimisoma;s__Fimisoma sp000435715	Fimisoma sp000435715	Predicted anaerobe	280	1	A09_bin.58	Predicted anaerobe	TRUE	0.9824559525111343	0.3519006719157689
A09_bin.62	d__Bacteria;p__Bacillota;c__Clostridia;o__Oscillospirales;f__Ruminococcaceae;g__Ruthenibacterium;s__Ruthenibacterium lactatiformans	Ruthenibacterium lactatiformans	Predicted anaerobe	280	5	A01_bin.14,A09_bin.62,C07_bin.52,G08_bin.33,H05_bin.19	Predicted anaerobe	TRUE	0.9824559525111343	0.3519006719157689
B01_bin.20	d__Bacteria;p__Bacteroidota;c__Bacteroidia;o__Bacteroidales;f__Rikenellaceae;g__Alistipes;s__Alistipes dispar	Alistipes dispar	Predicted anaerobe	280	3	A01_bin.16,B01_bin.20,C01_bin.9	Predicted anaerobe	TRUE	0.9824559525111343	0.3519006719157689
B01_bin.49	d__Bacteria;p__Bacillota;c__Clostridia;o__Oscillospirales;f__Oscillospiraceae;g__Lawsonibacter_A;s__Lawsonibacter_A hominis	Lawsonibacter A hominis	Predicted anaerobe	280	2	B01_bin.49,G08_bin.14	Predicted anaerobe	TRUE	0.9824559525111343	0.3519006719157689
B01_bin.63	d__Bacteria;p__Bacillota;c__Clostridia;o__Christensenellales;f__CAG-917;g__CAG-349;s__CAG-349 sp003539515	CAG-349 sp003539515	Predicted anaerobe	280	1	B01_bin.63	Predicted anaerobe	TRUE	0.9824559525111343	0.3519006719157689
B01_bin.68	d__Bacteria;p__Actinomycetota;c__Coriobacteriia;o__Coriobacteriales;f__QAMH01;g__QAMH01;s__QAMH01 sp900544245	QAMH01 sp900544245	Predicted anaerobe	280	4	B01_bin.68,C05_bin.92,G01_bin.24,H04_bin.30	Predicted anaerobe	TRUE	0.9824559525111343	0.3519006719157689
B01_bin.9	d__Bacteria;p__Verrucomicrobiota;c__Verrucomicrobiia;o__Verrucomicrobiales;f__Akkermansiaceae;g__Akkermansia;s__Akkermansia muciniphila	Akkermansia muciniphila	Predicted anaerobe	280	26	A04_bin.21,A06_bin.42,A08_bin.37,B01_bin.9,B02_bin.101,B06_bin.110,C04_bin.51,C07_bin.83,D01_bin.24,D03_bin.66,D05_bin.19,E02_bin.61,E04_bin.41,E08_bin.33,F03_bin.11,F08_bin.81,G02_bin.32,G03_bin.12,G04_bin.28,G05_bin.12,G06_bin.19,G07_bin.1,G08_bin.16,H04_bin.60,H06_bin.5,H08_bin.11	Predicted anaerobe	TRUE	0.9824559525111343	0.3519006719157689
B02_bin.24	d__Bacteria;p__Bacillota;c__Clostridia;o__Christensenellales;f__Aristaeellaceae;g__SFMI01;s__SFMI01 sp004556155	SFMI01 sp004556155	Predicted anaerobe	280	3	B02_bin.24,B03_bin.34,F05_bin.38	Predicted anaerobe	TRUE	0.9824559525111343	0.3519006719157689
B02_bin.41	d__Bacteria;p__Bacillota;c__Clostridia;o__Lachnospirales;f__Lachnospiraceae;g__Dorea_A;s__Dorea_A longicatena	Dorea A longicatena	Predicted anaerobe	280	9	A04_bin.36,B02_bin.41,C01_bin.34,C06_bin.46,D05_bin.97,F02_bin.50,G06_bin.32,H04_bin.74,H08_bin.28	Predicted anaerobe	TRUE	0.9824559525111343	0.3519006719157689
B03_bin.36	d__Bacteria;p__Bacillota;c__Clostridia;o__Oscillospirales;f__Acutalibacteraceae;g__Ruminococcoides;s__Ruminococcoides bromii	Ruminococcoides bromii	Predicted anaerobe	280	1	B03_bin.36	Predicted anaerobe	TRUE	0.9824559525111343	0.3519006719157689
B03_bin.49	d__Bacteria;p__Bacillota;c__Clostridia;o__Oscillospirales;f__Acutalibacteraceae;g__Eubacterium_R;s__Eubacterium_R sp000433975	Eubacterium R sp000433975	Predicted anaerobe	280	2	B03_bin.49,G05_bin.40	Predicted anaerobe	TRUE	0.9824559525111343	0.3519006719157689
B03_bin.63	d__Bacteria;p__Bacillota;c__Clostridia;o__Oscillospirales;f__Oscillospiraceae;g__Intestinimonas;s__Intestinimonas massiliensis	Intestinimonas massiliensis	Predicted anaerobe	280	1	B03_bin.63	Predicted anaerobe	TRUE	0.9824559525111343	0.3519006719157689
B03_bin.77	d__Bacteria;p__Bacillota;c__Clostridia;o__Oscillospirales;f__Ruminococcaceae;g__Faecalibacterium;s__Faecalibacterium duncaniae	Faecalibacterium duncaniae	Predicted anaerobe	280	6	A07_bin.44,B03_bin.77,B08_bin.46,E08_bin.61,F02_bin.56,G03_bin.111	Predicted anaerobe	TRUE	0.9824559525111343	0.3519006719157689
B04_bin.18	d__Bacteria;p__Bacteroidota;c__Bacteroidia;o__Bacteroidales;f__Rikenellaceae;g__Alistipes;s__Alistipes onderdonkii	Alistipes onderdonkii	Predicted anaerobe	280	36	A01_bin.40,A03_bin.18,A04_bin.63,A05_bin.96,A06_bin.43,A07_bin.3,A08_bin.10,A09_bin.31,B01_bin.27,B04_bin.18,B05_bin.23,B09_bin.102,C07_bin.15,D02_bin.9,D03_bin.53,D05_bin.36,D06_bin.26,D08_bin.60,E02_bin.51,E04_bin.58,E07_bin.6,E08_bin.94,F02_bin.27,F05_bin.26,F07_bin.11,F08_bin.9,G04_bin.3,G05_bin.90,G06_bin.3,G07_bin.70,G08_bin.10,H01_bin.30,H03_bin.78,H04_bin.25,H06_bin.40,H07_bin.18	Predicted anaerobe	TRUE	0.9824559525111343	0.3519006719157689
B04_bin.30	d__Bacteria;p__Bacillota;c__Clostridia;o__Oscillospirales;f__Ruminococcaceae;g__Negativibacillus;s__Negativibacillus massiliensis	Negativibacillus massiliensis	Predicted anaerobe	280	1	B04_bin.30	Predicted anaerobe	TRUE	0.9824559525111343	0.3519006719157689
B04_bin.33	d__Bacteria;p__Bacillota;c__Clostridia;o__UBA1381;f__UBA1381;g__Hominilimicola;s__Hominilimicola fabiformis	Hominilimicola fabiformis	Predicted anaerobe	280	6	A02_bin.32,A03_bin.7,B04_bin.33,C06_bin.44,D01_bin.76,D04_bin.52	Predicted anaerobe	TRUE	0.9824559525111343	0.3519006719157689
B04_bin.53	d__Bacteria;p__Bacillota;c__Clostridia;o__Oscillospirales;f__Oscillospiraceae;g__Lawsonibacter;s__Lawsonibacter asaccharolyticus	Lawsonibacter asaccharolyticus	Predicted anaerobe	280	9	A04_bin.29,B04_bin.53,C03_bin.20,D06_bin.39,D07_bin.19,E07_bin.7,G02_bin.35,G06_bin.45,H04_bin.66	Predicted anaerobe	TRUE	0.9824559525111343	0.3519006719157689
B05_bin.113	d__Bacteria;p__Actinomycetota;c__Coriobacteriia;o__Coriobacteriales;f__Eggerthellaceae;g__Ellagibacter;s__Ellagibacter isourolithinifaciens	Ellagibacter isourolithinifaciens	Predicted anaerobe	280	4	B05_bin.113,F04_bin.15,F07_bin.72,F08_bin.6	Predicted anaerobe	TRUE	0.9824559525111343	0.3519006719157689
B05_bin.2	d__Bacteria;p__Pseudomonadota;c__Gammaproteobacteria;o__Enterobacterales;f__Pasteurellaceae;g__Haemophilus_D;s__Haemophilus_D sp048377755	Haemophilus D sp048377755	Facultative/other	8	2	B05_bin.2,E06_bin.31	Facultative/other	TRUE	0.010925744105273945	0.01646798509219056
B05_bin.33	d__Bacteria;p__Bacillota;c__Clostridia;o__Lachnospirales;f__Lachnospiraceae;g__Lachnospira;s__Lachnospira rogosae	Lachnospira rogosae	Predicted anaerobe	280	3	A07_bin.64,B05_bin.33,G04_bin.49	Predicted anaerobe	TRUE	0.9824559525111343	0.3519006719157689
B05_bin.45	d__Bacteria;p__Bacillota;c__Clostridia;o__Christensenellales;f__Aristaeellaceae;g__Limiplasma;s__Limiplasma sp900548145	Limiplasma sp900548145	Predicted anaerobe	280	1	B05_bin.45	Predicted anaerobe	TRUE	0.9824559525111343	0.3519006719157689
B05_bin.47	d__Bacteria;p__Bacillota;c__Clostridia;o__Oscillospirales;f__Oscillospiraceae;g__CAG-170;s__CAG-170 sp002404795	CAG-170 sp002404795	Predicted anaerobe	280	5	B05_bin.47,B08_bin.3,C01_bin.83,D03_bin.59,F08_bin.10	Predicted anaerobe	TRUE	0.9824559525111343	0.3519006719157689
B05_bin.48	d__Bacteria;p__Bacillota;c__Clostridia;o__Oscillospirales;f__Acutalibacteraceae;g__UBA737;s__UBA737 sp900549055	UBA737 sp900549055	Predicted anaerobe	280	1	B05_bin.48	Predicted anaerobe	TRUE	0.9824559525111343	0.3519006719157689
B05_bin.59	d__Bacteria;p__Bacillota_I;c__Bacilli_A;o__ML615J-28;f__CAG-313;g__CAG-313;s__CAG-313 sp003539625	CAG-313 sp003539625	Predicted anaerobe	280	1	B05_bin.59	Predicted anaerobe	TRUE	0.9824559525111343	0.3519006719157689
B05_bin.76	d__Bacteria;p__Bacillota_I;c__Bacilli_A;o__RF39;f__UBA660;g__CAG-433;s__CAG-433 sp000433675	CAG-433 sp000433675	Predicted anaerobe	280	2	B05_bin.76,F07_bin.106	Predicted anaerobe	TRUE	0.9824559525111343	0.3519006719157689
B05_bin.9	d__Bacteria;p__Bacillota;c__Clostridia;o__Oscillospirales;f__CAG-272;g__UMGS902;s__UMGS902 sp900761025	UMGS902 sp900761025	Predicted anaerobe	280	1	B05_bin.9	Predicted anaerobe	TRUE	0.9824559525111343	0.3519006719157689
B06_bin.108	d__Bacteria;p__Bacillota;c__Clostridia;o__Lachnospirales;f__Lachnospiraceae;g__Coprococcus;s__Coprococcus eutactus	Coprococcus eutactus	Predicted anaerobe	280	2	B06_bin.108,C08_bin.82	Predicted anaerobe	TRUE	0.9824559525111343	0.3519006719157689
B06_bin.15	d__Bacteria;p__Verrucomicrobiota;c__Lentisphaeria;o__Victivallales;f__Victivallaceae;g__Victivallis;s__Victivallis vadensis	Victivallis vadensis	Predicted anaerobe	280	1	B06_bin.15	Predicted anaerobe	TRUE	0.9824559525111343	0.3519006719157689
B06_bin.18	d__Bacteria;p__Bacteroidota;c__Bacteroidia;o__Bacteroidales;f__Bacteroidaceae;g__Bacteroides;s__Bacteroides clarus	Bacteroides clarus	Predicted anaerobe	280	2	B06_bin.18,C05_bin.65	Predicted anaerobe	TRUE	0.9824559525111343	0.3519006719157689
B06_bin.51	d__Bacteria;p__Bacteroidota;c__Bacteroidia;o__Bacteroidales;f__Bacteroidaceae;g__Bacteroides;s__Bacteroides salyersiae	Bacteroides salyersiae	Predicted anaerobe	280	1	B06_bin.51	Predicted anaerobe	TRUE	0.9824559525111343	0.3519006719157689
B06_bin.6	d__Bacteria;p__Cyanobacteriota;c__Vampirovibrionia;o__Gastranaerophilales;f__Gastranaerophilaceae;g__CAG-196;s__CAG-196 sp002102975	CAG-196 sp002102975	Predicted anaerobe	280	5	A06_bin.69,A08_bin.19,B06_bin.6,D08_bin.62,G07_bin.42	Predicted anaerobe	TRUE	0.9824559525111343	0.3519006719157689
B06_bin.62	d__Bacteria;p__Bacillota;c__Clostridia;o__Christensenellales;f__Borkfalkiaceae;g__Scatosoma;s__Scatosoma sp900552625	Scatosoma sp900552625	Predicted anaerobe	280	1	B06_bin.62	Predicted anaerobe	TRUE	0.9824559525111343	0.3519006719157689
B06_bin.7	d__Bacteria;p__Bacteroidota;c__Bacteroidia;o__Bacteroidales;f__Rikenellaceae;g__Alistipes;s__Alistipes senegalensis	Alistipes senegalensis	Predicted anaerobe	280	5	B06_bin.7,C05_bin.14,C07_bin.55,F07_bin.15,G01_bin.34	Predicted anaerobe	TRUE	0.9824559525111343	0.3519006719157689
B06_bin.86	d__Bacteria;p__Bacillota;c__Clostridia;o__Oscillospirales;f__Ruminococcaceae;g__Huintestinicola;s__Huintestinicola butyrica	Huintestinicola butyrica	Predicted anaerobe	280	3	B03_bin.39,B06_bin.86,C08_bin.17	Predicted anaerobe	TRUE	0.9824559525111343	0.3519006719157689
B07_bin.55	d__Bacteria;p__Bacillota;c__Clostridia;o__Lachnospirales;f__Lachnospiraceae;g__Coprococcus;s__Coprococcus ammoniilyticus	Coprococcus ammoniilyticus	Predicted anaerobe	280	4	B05_bin.36,B07_bin.55,E02_bin.62,G06_bin.99	Predicted anaerobe	TRUE	0.9824559525111343	0.3519006719157689
B08_bin.39	d__Bacteria;p__Bacillota;c__Clostridia;o__Oscillospirales;f__Oscillospiraceae;g__Vescimonas;s__Vescimonas sanitatis	Vescimonas sanitatis	Predicted anaerobe	280	8	B02_bin.11,B03_bin.29,B06_bin.27,B08_bin.39,C01_bin.60,D08_bin.10,E08_bin.57,G05_bin.89	Predicted anaerobe	TRUE	0.9824559525111343	0.3519006719157689
B08_bin.47	d__Bacteria;p__Bacteroidota;c__Bacteroidia;o__Bacteroidales;f__Bacteroidaceae;g__Bacteroides;s__Bacteroides finegoldii	Bacteroides finegoldii	Predicted anaerobe	280	1	B08_bin.47	Predicted anaerobe	TRUE	0.9824559525111343	0.3519006719157689
B08_bin.66	d__Bacteria;p__Bacteroidota;c__Bacteroidia;o__Bacteroidales;f__Rikenellaceae;g__Alistipes;s__Alistipes communis	Alistipes communis	Predicted anaerobe	280	22	A01_bin.34,A09_bin.47,B03_bin.45,B05_bin.104,B08_bin.66,C04_bin.87,C05_bin.68,C07_bin.16,C08_bin.40,D03_bin.12,D08_bin.2,E02_bin.7,E08_bin.76,F02_bin.82,F04_bin.51,F08_bin.47,G01_bin.52,G04_bin.17,G05_bin.38,G06_bin.88,H03_bin.37,H07_bin.34	Predicted anaerobe	TRUE	0.9824559525111343	0.3519006719157689
B09_bin.106	d__Bacteria;p__Bacteroidota;c__Bacteroidia;o__Bacteroidales;f__Marinifilaceae;g__Butyricimonas;s__Butyricimonas virosa	Butyricimonas virosa	Predicted anaerobe	280	5	A01_bin.87,B09_bin.106,C07_bin.18,E04_bin.52,H06_bin.79	Predicted anaerobe	TRUE	0.9824559525111343	0.3519006719157689
B09_bin.25	d__Bacteria;p__Actinomycetota;c__Coriobacteriia;o__Coriobacteriales;f__Coriobacteriaceae;g__Collinsella;s__	Collinsella	Predicted anaerobe	280	1	B09_bin.25	Predicted anaerobe	TRUE	0.9824559525111343	0.3519006719157689
B09_bin.49	d__Bacteria;p__Bacillota;c__Clostridia;o__Lachnospirales;f__Lachnospiraceae;g__Enterocloster;s__Enterocloster sp000431375	Enterocloster sp000431375	Predicted anaerobe	280	1	B09_bin.49	Predicted anaerobe	TRUE	0.9824559525111343	0.3519006719157689
B09_bin.61	d__Bacteria;p__Bacillota;c__Clostridia;o__Oscillospirales;f__Ruminococcaceae;g__Hominimerdicola;s__Hominimerdicola aceti	Hominimerdicola aceti	Predicted anaerobe	280	16	A01_bin.85,A06_bin.46,B05_bin.85,B08_bin.85,B09_bin.61,D06_bin.61,D07_bin.29,E01_bin.10,E02_bin.75,E06_bin.24,F01_bin.20,F02_bin.88,F04_bin.23,G05_bin.35,G06_bin.44,H07_bin.54	Predicted anaerobe	TRUE	0.9824559525111343	0.3519006719157689
B09_bin.93	d__Bacteria;p__Bacillota;c__Clostridia;o__Oscillospirales;f__Oscillospiraceae;g__CAG-103;s__CAG-103 sp000432375	CAG-103 sp000432375	Predicted anaerobe	280	16	B01_bin.56,B02_bin.96,B05_bin.91,B09_bin.93,C01_bin.54,C03_bin.35,C04_bin.93,C07_bin.3,F02_bin.70,F06_bin.19,F07_bin.128,F08_bin.24,G01_bin.68,G06_bin.67,H02_bin.65,H03_bin.87	Predicted anaerobe	TRUE	0.9824559525111343	0.3519006719157689
C01_bin.21	d__Bacteria;p__Bacillota;c__Clostridia;o__Oscillospirales;f__Acutalibacteraceae;g__Eubacterium_R;s__Eubacterium_R sp000434995	Eubacterium R sp000434995	Predicted anaerobe	280	2	C01_bin.21,C04_bin.64	Predicted anaerobe	TRUE	0.9824559525111343	0.3519006719157689
C01_bin.25	d__Bacteria;p__Actinomycetota;c__Coriobacteriia;o__Coriobacteriales;f__Coriobacteriaceae;g__Collinsella;s__Collinsella sp902461405	Collinsella sp902461405	Predicted anaerobe	280	1	C01_bin.25	Predicted anaerobe	TRUE	0.9824559525111343	0.3519006719157689
C01_bin.57	d__Bacteria;p__Pseudomonadota;c__Gammaproteobacteria;o__Burkholderiales;f__Burkholderiaceae_F;g__Parasutterella;s__Parasutterella gallistercoris	Parasutterella gallistercoris	Predicted anaerobe	280	3	C01_bin.57,E07_bin.30,G02_bin.50	Predicted anaerobe	TRUE	0.9824559525111343	0.3519006719157689
C02_bin.12	d__Bacteria;p__Bacteroidota;c__Bacteroidia;o__Bacteroidales;f__Bacteroidaceae;g__Prevotella;s__Prevotella copri_B	Prevotella copri B	Predicted anaerobe	280	4	B05_bin.25,C02_bin.12,D05_bin.61,E07_bin.22	Predicted anaerobe	TRUE	0.9824559525111343	0.3519006719157689
C02_bin.32	d__Bacteria;p__Bacillota;c__Clostridia;o__Lachnospirales;f__Lachnospiraceae;g__Coprococcus_C;s__Coprococcus_C hominis	Coprococcus C hominis	Predicted anaerobe	280	10	A03_bin.31,A06_bin.106,C01_bin.44,C02_bin.32,C06_bin.43,C08_bin.19,F02_bin.78,F06_bin.55,G08_bin.8,H01_bin.25	Predicted anaerobe	TRUE	0.9824559525111343	0.3519006719157689
C02_bin.89	d__Bacteria;p__Bacillota;c__Clostridia;o__Oscillospirales;f__Acutalibacteraceae;g__Hominenteromicrobium;s__Hominenteromicrobium mulieris	Hominenteromicrobium mulieris	Predicted anaerobe	280	24	A01_bin.6,A07_bin.4,A09_bin.11,B01_bin.53,B02_bin.55,B05_bin.103,B07_bin.5,B08_bin.80,C02_bin.89,C04_bin.100,C05_bin.29,D03_bin.77,D04_bin.40,E01_bin.34,F01_bin.15,F02_bin.19,F04_bin.17,F07_bin.86,G02_bin.64,G07_bin.43,G08_bin.26,H02_bin.58,H06_bin.51,H07_bin.53	Predicted anaerobe	TRUE	0.9824559525111343	0.3519006719157689
C03_bin.22	d__Bacteria;p__Bacillota;c__Clostridia;o__Lachnospirales;f__Lachnospiraceae;g__Enterocloster;s__Enterocloster sp001517625	Enterocloster sp001517625	Predicted anaerobe	280	1	C03_bin.22	Predicted anaerobe	TRUE	0.9824559525111343	0.3519006719157689
C03_bin.41	d__Bacteria;p__Bacillota;c__Clostridia;o__Lachnospirales;f__Lachnospiraceae;g__Pilosibacter;s__Pilosibacter sp900066055	Pilosibacter sp900066055	Predicted anaerobe	280	1	C03_bin.41	Predicted anaerobe	TRUE	0.9824559525111343	0.3519006719157689
C03_bin.49	d__Bacteria;p__Actinomycetota;c__Actinomycetes;o__Actinomycetales;f__Bifidobacteriaceae;g__Bifidobacterium;s__Bifidobacterium longum	Bifidobacterium longum	Predicted anaerobe	280	23	A01_bin.17,A02_bin.42,A05_bin.36,C03_bin.49,C07_bin.61,D01_bin.66,D03_bin.57,D05_bin.4,D06_bin.94,D07_bin.73,E02_bin.36,E07_bin.51,F01_bin.12,F03_bin.10,F04_bin.14,F07_bin.34,G01_bin.19,G02_bin.47,G03_bin.10,G04_bin.62,G06_bin.15,G08_bin.51,H07_bin.33	Predicted anaerobe	TRUE	0.9824559525111343	0.3519006719157689
C03_bin.52	d__Bacteria;p__Actinomycetota;c__Coriobacteriia;o__Coriobacteriales;f__Eggerthellaceae;g__Eggerthella;s__Eggerthella lenta	Eggerthella lenta	Predicted anaerobe	280	1	C03_bin.52	Predicted anaerobe	TRUE	0.9824559525111343	0.3519006719157689
C04_bin.10	d__Bacteria;p__Bacillota;c__Clostridia;o__Oscillospirales;f__Oscillospiraceae;g__Evtepia;s__Evtepia sp004556345	Evtepia sp004556345	Predicted anaerobe	280	1	C04_bin.10	Predicted anaerobe	TRUE	0.9824559525111343	0.3519006719157689
C04_bin.103	d__Bacteria;p__Bacillota;c__Clostridia;o__Oscillospirales;f__Acutalibacteraceae;g__CAG-177;s__CAG-177 sp003514385	CAG-177 sp003514385	Predicted anaerobe	280	13	A07_bin.5,B05_bin.3,B06_bin.23,C04_bin.103,F01_bin.33,G04_bin.29,G05_bin.45,G06_bin.91,H01_bin.33,H02_bin.11,H04_bin.10,H05_bin.14,H06_bin.93	Predicted anaerobe	TRUE	0.9824559525111343	0.3519006719157689
C04_bin.18	d__Bacteria;p__Bacillota_I;c__Bacilli_A;o__Erysipelotrichales;f__Erysipelotrichaceae;g__Holdemanella;s__Holdemanella sp900556915	Holdemanella sp900556915	Predicted anaerobe	280	3	A07_bin.87,B09_bin.60,C04_bin.18	Predicted anaerobe	TRUE	0.9824559525111343	0.3519006719157689
C04_bin.39	d__Bacteria;p__Bacillota;c__Clostridia;o__Oscillospirales;f__Ruminococcaceae;g__Faecalibacterium;s__Faecalibacterium prausnitzii	Faecalibacterium prausnitzii	Predicted anaerobe	280	1	C04_bin.39	Predicted anaerobe	TRUE	0.9824559525111343	0.3519006719157689
C04_bin.63	d__Bacteria;p__Bacteroidota;c__Bacteroidia;o__Bacteroidales;f__Marinifilaceae;g__Butyricimonas;s__Butyricimonas faecihominis	Butyricimonas faecihominis	Predicted anaerobe	280	1	C04_bin.63	Predicted anaerobe	TRUE	0.9824559525111343	0.3519006719157689
C04_bin.78	d__Archaea;p__Methanobacteriota;c__Methanobacteria;o__Methanobacteriales;f__Methanobacteriaceae;g__Methanocatella;s__Methanocatella intestini	Methanocatella intestini	Predicted anaerobe	280	1	C04_bin.78	Predicted anaerobe	TRUE	0.9824559525111343	0.3519006719157689
C05_bin.117	d__Bacteria;p__Bacillota;c__Clostridia;o__Lachnospirales;f__Lachnospiraceae;g__Gallintestinimicrobium;s__Gallintestinimicrobium propionicum	Gallintestinimicrobium propionicum	Predicted anaerobe	280	20	A03_bin.28,A06_bin.47,A07_bin.90,B03_bin.22,B06_bin.59,C04_bin.50,C05_bin.117,C08_bin.16,D01_bin.38,D02_bin.20,D03_bin.50,D05_bin.67,D06_bin.59,D07_bin.3,D08_bin.17,E01_bin.45,F01_bin.49,F02_bin.35,F05_bin.24,G04_bin.66	Predicted anaerobe	TRUE	0.9824559525111343	0.3519006719157689
C05_bin.49	d__Bacteria;p__Bacillota;c__Clostridia;o__CAKSNL01;f__HGM11501;g__HGM11501;s__HGM11501 sp900766735	HGM11501 sp900766735	Predicted anaerobe	280	1	C05_bin.49	Predicted anaerobe	TRUE	0.9824559525111343	0.3519006719157689
C05_bin.60	d__Bacteria;p__Bacillota;c__Clostridia;o__Lachnospirales;f__Lachnospiraceae;g__Blautia_A;s__Blautia_A intestinihominis	Blautia A intestinihominis	Predicted anaerobe	280	1	C05_bin.60	Predicted anaerobe	TRUE	0.9824559525111343	0.3519006719157689
C05_bin.90	d__Bacteria;p__Bacillota;c__Clostridia;o__Oscillospirales;f__CAG-272;g__UBA11512;s__UBA11512 sp003522145	UBA11512 sp003522145	Predicted anaerobe	280	2	C05_bin.90,G04_bin.38	Predicted anaerobe	TRUE	0.9824559525111343	0.3519006719157689
C06_bin.10	d__Bacteria;p__Bacillota;c__Clostridia;o__Oscillospirales;f__Oscillospiraceae;g__Intestinimonas;s__Intestinimonas butyriciproducens	Intestinimonas butyriciproducens	Predicted anaerobe	280	1	C06_bin.10	Predicted anaerobe	TRUE	0.9824559525111343	0.3519006719157689
C06_bin.11	d__Bacteria;p__Bacillota;c__Clostridia;o__Lachnospirales;f__Lachnospiraceae;g__Anthropogastromicrobium;s__Anthropogastromicrobium aceti	Anthropogastromicrobium aceti	Predicted anaerobe	280	9	A03_bin.75,C06_bin.11,D05_bin.33,D06_bin.12,D07_bin.24,E02_bin.8,E07_bin.81,F07_bin.131,G04_bin.6	Predicted anaerobe	TRUE	0.9824559525111343	0.3519006719157689
C06_bin.29	d__Bacteria;p__Bacillota;c__Clostridia;o__Oscillospirales;f__Oscillospiraceae;g__Vescimonas;s__Vescimonas coprocola	Vescimonas coprocola	Predicted anaerobe	280	6	B07_bin.89,C06_bin.29,C07_bin.71,E03_bin.17,H04_bin.19,H07_bin.44	Predicted anaerobe	TRUE	0.9824559525111343	0.3519006719157689
C06_bin.41	d__Bacteria;p__Bacillota;c__Clostridia;o__Lachnospirales;f__Lachnospiraceae;g__Lachnospira;s__Lachnospira intestinalis	Lachnospira intestinalis	Predicted anaerobe	280	2	C06_bin.41,F07_bin.27	Predicted anaerobe	TRUE	0.9824559525111343	0.3519006719157689
C07_bin.25	d__Bacteria;p__Bacillota;c__Clostridia;o__Lachnospirales;f__Lachnospiraceae;g__Anaerobutyricum;s__Anaerobutyricum hallii	Anaerobutyricum hallii	Predicted anaerobe	280	11	A02_bin.25,A05_bin.113,C05_bin.51,C07_bin.25,D01_bin.40,D02_bin.7,D04_bin.28,D05_bin.64,F07_bin.18,G04_bin.77,H04_bin.6	Predicted anaerobe	TRUE	0.9824559525111343	0.3519006719157689
C07_bin.38	d__Bacteria;p__Bacillota;c__Clostridia;o__Oscillospirales;f__Ruminococcaceae;g__Ruminococcus_C;s__Ruminococcus_C sp000433635	Ruminococcus C sp000433635	Predicted anaerobe	280	4	B06_bin.34,B09_bin.10,C07_bin.38,G07_bin.31	Predicted anaerobe	TRUE	0.9824559525111343	0.3519006719157689
C07_bin.69	d__Bacteria;p__Bacillota;c__Clostridia;o__Oscillospirales;f__Ruminococcaceae;g__Allofournierella_A;s__Allofournierella_A excrementavium	Allofournierella A excrementavium	Predicted anaerobe	280	1	C07_bin.69	Predicted anaerobe	TRUE	0.9824559525111343	0.3519006719157689
C07_bin.75	d__Bacteria;p__Bacillota;c__Clostridia;o__Christensenellales;f__CAG-314;g__CAG-314;s__CAG-314 sp000437915	CAG-314 sp000437915	Predicted anaerobe	280	8	B01_bin.55,B03_bin.74,B08_bin.29,C07_bin.75,F07_bin.127,G08_bin.57,H03_bin.21,H06_bin.88	Predicted anaerobe	TRUE	0.9824559525111343	0.3519006719157689
C07_bin.89	d__Bacteria;p__Desulfobacterota;c__Desulfovibrionia;o__Desulfovibrionales;f__Desulfovibrionaceae;g__Bilophila;s__Bilophila wadsworthia	Bilophila wadsworthia	Predicted anaerobe	280	23	A02_bin.20,A04_bin.38,A07_bin.31,A08_bin.32,B01_bin.43,B07_bin.16,B08_bin.11,B09_bin.57,C06_bin.30,C07_bin.89,C08_bin.74,D03_bin.18,D04_bin.44,D07_bin.49,E03_bin.3,F03_bin.25,F06_bin.72,G02_bin.60,G03_bin.63,G06_bin.57,G07_bin.99,G08_bin.39,H04_bin.49	Predicted anaerobe	TRUE	0.9824559525111343	0.3519006719157689
C08_bin.14	d__Bacteria;p__Bacillota;c__Clostridia;o__Christensenellales;f__Borkfalkiaceae;g__Scatosoma;s__Scatosoma sp003150575	Scatosoma sp003150575	Predicted anaerobe	280	2	B06_bin.73,C08_bin.14	Predicted anaerobe	TRUE	0.9824559525111343	0.3519006719157689
C08_bin.27	d__Bacteria;p__Bacillota;c__Clostridia;o__Oscillospirales;f__Oscillospiraceae;g__Vescimonas;s__Vescimonas sp900548615	Vescimonas sp900548615	Predicted anaerobe	280	1	C08_bin.27	Predicted anaerobe	TRUE	0.9824559525111343	0.3519006719157689
C08_bin.28	d__Bacteria;p__Bacillota;c__Clostridia;o__Oscillospirales;f__Ruminococcaceae;g__Faecalibacterium;s__Faecalibacterium butyricigenerans	Faecalibacterium butyricigenerans	Predicted anaerobe	280	5	A06_bin.67,B04_bin.15,C03_bin.13,C08_bin.28,F03_bin.14	Predicted anaerobe	TRUE	0.9824559525111343	0.3519006719157689
C08_bin.48	d__Bacteria;p__Bacillota;c__Clostridia;o__Lachnospirales;f__Lachnospiraceae;g__COE1;s__COE1 sp001916965	COE1 sp001916965	Predicted anaerobe	280	2	C08_bin.48,D08_bin.103	Predicted anaerobe	TRUE	0.9824559525111343	0.3519006719157689
C08_bin.52	d__Bacteria;p__Bacillota;c__Clostridia;o__Oscillospirales;f__Ruminococcaceae;g__Faecalibacterium;s__Faecalibacterium intestinale	Faecalibacterium intestinale	Predicted anaerobe	280	1	C08_bin.52	Predicted anaerobe	TRUE	0.9824559525111343	0.3519006719157689
C08_bin.68	d__Bacteria;p__Bacteroidota;c__Bacteroidia;o__Bacteroidales;f__Bacteroidaceae;g__Paraprevotella;s__Paraprevotella clara	Paraprevotella clara	Predicted anaerobe	280	9	A03_bin.66,A04_bin.76,A08_bin.14,C02_bin.33,C08_bin.68,G01_bin.70,G06_bin.25,G07_bin.52,H05_bin.46	Predicted anaerobe	TRUE	0.9824559525111343	0.3519006719157689
C08_bin.77	d__Bacteria;p__Bacteroidota;c__Bacteroidia;o__Bacteroidales;f__Bacteroidaceae;g__Phocaeicola;s__Phocaeicola plebeius_A	Phocaeicola plebeius A	Predicted anaerobe	280	1	D03_bin.86	Predicted anaerobe	TRUE	0.9824559525111343	0.3519006719157689
C08_bin.86	d__Bacteria;p__Bacillota;c__Negativicutes;o__Acidaminococcales;f__Acidaminococcaceae;g__Phascolarctobacterium;s__Phascolarctobacterium faecium	Phascolarctobacterium faecium	Predicted anaerobe	280	6	A06_bin.44,C08_bin.86,D04_bin.48,E03_bin.59,F06_bin.32,H04_bin.11	Predicted anaerobe	TRUE	0.9824559525111343	0.3519006719157689
D01_bin.11	d__Bacteria;p__Bacillota;c__Clostridia;o__Christensenellales;f__Aristaeellaceae;g__Ventricola;s__Ventricola sp900542445	Ventricola sp900542445	Predicted anaerobe	280	1	D01_bin.11	Predicted anaerobe	TRUE	0.9824559525111343	0.3519006719157689
D01_bin.23	d__Bacteria;p__Bacillota;c__Clostridia;o__Lachnospirales;f__Lachnospiraceae;g__Anaerostipes;s__Anaerostipes hadrus	Anaerostipes hadrus	Predicted anaerobe	280	6	A06_bin.60,A07_bin.52,B06_bin.48,C03_bin.10,D01_bin.23,D07_bin.38	Predicted anaerobe	TRUE	0.9824559525111343	0.3519006719157689
D01_bin.28	d__Bacteria;p__Bacteroidota;c__Bacteroidia;o__Bacteroidales;f__Bacteroidaceae;g__Bacteroides;s__Bacteroides faecis	Bacteroides faecis	Predicted anaerobe	280	2	A09_bin.9,D01_bin.28	Predicted anaerobe	TRUE	0.9824559525111343	0.3519006719157689
D01_bin.36	d__Bacteria;p__Bacillota;c__Clostridia;o__Oscillospirales;f__Butyricicoccaceae;g__Agathobaculum;s__Agathobaculum butyriciproducens	Agathobaculum butyriciproducens	Predicted anaerobe	280	8	A03_bin.77,B02_bin.57,B05_bin.78,C01_bin.46,D01_bin.36,D05_bin.46,D06_bin.1,E07_bin.24	Predicted anaerobe	TRUE	0.9824559525111343	0.3519006719157689
D01_bin.64	d__Bacteria;p__Bacteroidota;c__Bacteroidia;o__Bacteroidales;f__Bacteroidaceae;g__Bacteroides;s__Bacteroides uniformis	Bacteroides uniformis	Predicted anaerobe	280	32	A02_bin.27,A03_bin.20,A06_bin.27,B02_bin.43,B04_bin.17,B05_bin.27,B06_bin.76,B08_bin.76,C02_bin.31,C03_bin.24,D01_bin.64,D02_bin.33,D03_bin.40,D05_bin.104,D06_bin.4,D07_bin.51,D08_bin.101,E01_bin.83,E07_bin.18,F03_bin.15,F06_bin.91,F08_bin.97,G01_bin.46,G02_bin.57,G04_bin.78,G05_bin.75,G06_bin.83,G07_bin.74,H01_bin.105,H03_bin.24,H04_bin.70,H05_bin.62	Predicted anaerobe	TRUE	0.9824559525111343	0.3519006719157689
D01_bin.67	d__Bacteria;p__Actinomycetota;c__Coriobacteriia;o__Coriobacteriales;f__Coriobacteriaceae;g__Collinsella;s__Collinsella sp905215825	Collinsella sp905215825	Predicted anaerobe	280	27	A02_bin.80,A04_bin.3,A07_bin.89,A09_bin.39,B01_bin.15,B02_bin.49,B08_bin.83,C05_bin.52,D01_bin.67,D03_bin.89,D04_bin.7,E01_bin.68,E03_bin.71,E07_bin.44,F02_bin.34,F04_bin.7,F06_bin.35,F07_bin.59,F08_bin.40,G02_bin.63,G04_bin.45,G05_bin.97,G06_bin.90,G08_bin.15,H03_bin.68,H06_bin.15,H08_bin.44	Predicted anaerobe	TRUE	0.9824559525111343	0.3519006719157689
D02_bin.11	d__Bacteria;p__Bacteroidota;c__Bacteroidia;o__Bacteroidales;f__Bacteroidaceae;g__Phocaeicola;s__Phocaeicola vulgatus	Phocaeicola vulgatus	Predicted anaerobe	280	14	B02_bin.6,B04_bin.80,B08_bin.90,B09_bin.76,C02_bin.39,D01_bin.47,D02_bin.11,F01_bin.19,F03_bin.42,F06_bin.86,F08_bin.71,H02_bin.76,H07_bin.24,H08_bin.10	Predicted anaerobe	TRUE	0.9824559525111343	0.3519006719157689
D02_bin.28	d__Bacteria;p__Bacillota;c__Clostridia;o__Lachnospirales;f__Lachnospiraceae;g__Limivivens;s__Limivivens faecihominis	Limivivens faecihominis	Predicted anaerobe	280	1	D02_bin.28	Predicted anaerobe	TRUE	0.9824559525111343	0.3519006719157689
D02_bin.53	d__Bacteria;p__Actinomycetota;c__Coriobacteriia;o__Coriobacteriales;f__Eggerthellaceae;g__Senegalimassilia;s__Senegalimassilia anaerobia	Senegalimassilia anaerobia	Predicted anaerobe	280	2	D02_bin.53,G04_bin.44	Predicted anaerobe	TRUE	0.9824559525111343	0.3519006719157689
D03_bin.27	d__Bacteria;p__Bacillota_I;c__Bacilli_A;o__RFN20;f__CAG-288;g__CAG-288;s__CAG-288 sp000437395	CAG-288 sp000437395	Predicted anaerobe	280	2	D03_bin.27,H07_bin.3	Predicted anaerobe	TRUE	0.9824559525111343	0.3519006719157689
D03_bin.84	d__Bacteria;p__Actinomycetota;c__Actinomycetes;o__Actinomycetales;f__Bifidobacteriaceae;g__Bifidobacterium;s__Bifidobacterium catenulatum	Bifidobacterium catenulatum	Predicted anaerobe	280	3	B08_bin.38,D03_bin.84,H05_bin.44	Predicted anaerobe	TRUE	0.9824559525111343	0.3519006719157689
D04_bin.18	d__Bacteria;p__Bacillota;c__Clostridia;o__Lachnospirales;f__Lachnospiraceae;g__Dorea_A;s__Dorea_A amylophila	Dorea A amylophila	Predicted anaerobe	280	1	D04_bin.18	Predicted anaerobe	TRUE	0.9824559525111343	0.3519006719157689
D04_bin.5	d__Bacteria;p__Bacillota;c__Clostridia;o__Oscillospirales;f__Oscillospiraceae;g__Flavonifractor;s__Flavonifractor plautii	Flavonifractor plautii	Predicted anaerobe	280	3	A01_bin.93,B04_bin.79,D04_bin.5	Predicted anaerobe	TRUE	0.9824559525111343	0.3519006719157689
D05_bin.12	d__Bacteria;p__Bacillota;c__Clostridia;o__Oscillospirales;f__Oscillospiraceae;g__Scatomorpha;s__Scatomorpha sp900545405	Scatomorpha sp900545405	Predicted anaerobe	280	3	D05_bin.12,D06_bin.55,G08_bin.36	Predicted anaerobe	TRUE	0.9824559525111343	0.3519006719157689
D05_bin.15	d__Bacteria;p__Bacteroidota;c__Bacteroidia;o__Bacteroidales;f__Coprobacteraceae;g__Coprobacter;s__Coprobacter fastidiosus	Coprobacter fastidiosus	Predicted anaerobe	280	8	A04_bin.81,B03_bin.11,B05_bin.26,B09_bin.75,D05_bin.15,E04_bin.5,F02_bin.51,G04_bin.58	Predicted anaerobe	TRUE	0.9824559525111343	0.3519006719157689
D05_bin.39	d__Bacteria;p__Bacillota;c__Clostridia;o__Lachnospirales;f__Lachnospiraceae;g__Allocoprococcus;s__Allocoprococcus comes	Allocoprococcus comes	Predicted anaerobe	280	1	D05_bin.39	Predicted anaerobe	TRUE	0.9824559525111343	0.3519006719157689
D05_bin.66	d__Bacteria;p__Bacillota_I;c__Bacilli_A;o__Erysipelotrichales;f__Coprobacillaceae;g__Faecalibacillus;s__Faecalibacillus faecis	Faecalibacillus faecis	Predicted anaerobe	280	1	D05_bin.66	Predicted anaerobe	TRUE	0.9824559525111343	0.3519006719157689
D05_bin.72	d__Bacteria;p__Bacillota;c__Clostridia;o__Peptostreptococcales;f__Anaerovoracaceae;g__Alangreenwoodia;s__Alangreenwoodia sp905206455	Alangreenwoodia sp905206455	Predicted anaerobe	280	1	D05_bin.72	Predicted anaerobe	TRUE	0.9824559525111343	0.3519006719157689
D05_bin.78	d__Bacteria;p__Bacillota;c__Clostridia;o__Christensenellales;f__Aristaeellaceae;g__Limiplasma;s__Limiplasma merdipullorum	Limiplasma merdipullorum	Predicted anaerobe	280	5	D05_bin.78,D06_bin.42,F04_bin.34,G06_bin.16,G08_bin.46	Predicted anaerobe	TRUE	0.9824559525111343	0.3519006719157689
D05_bin.84	d__Bacteria;p__Bacillota;c__Clostridia;o__Oscillospirales;f__Ruminococcaceae;g__Negativibacillus;s__Negativibacillus sp000435195	Negativibacillus sp000435195	Predicted anaerobe	280	1	D05_bin.84	Predicted anaerobe	TRUE	0.9824559525111343	0.3519006719157689
D06_bin.25	d__Bacteria;p__Bacillota;c__Clostridia;o__Oscillospirales;f__Ruminococcaceae;g__CAG-115;s__CAG-115 sp003531585	CAG-115 sp003531585	Predicted anaerobe	280	12	B06_bin.102,B08_bin.9,C01_bin.72,C04_bin.12,C05_bin.19,D06_bin.25,D07_bin.46,E02_bin.47,F05_bin.3,F07_bin.36,G04_bin.97,H03_bin.80	Predicted anaerobe	TRUE	0.9824559525111343	0.3519006719157689
D06_bin.38	d__Bacteria;p__Bacillota;c__Clostridia;o__Oscillospirales;f__Oscillospiraceae;g__Faecousia;s__Faecousia sp000435995	Faecousia sp000435995	Predicted anaerobe	280	1	D06_bin.38	Predicted anaerobe	TRUE	0.9824559525111343	0.3519006719157689
D06_bin.58	d__Bacteria;p__Bacillota;c__Clostridia;o__Oscillospirales;f__Oscillospiraceae;g__Scatomorpha;s__Scatomorpha intestinigallinarum	Scatomorpha intestinigallinarum	Predicted anaerobe	280	1	D06_bin.58	Predicted anaerobe	TRUE	0.9824559525111343	0.3519006719157689
D06_bin.80	d__Bacteria;p__Bacillota;c__Clostridia;o__Christensenellales;f__CAG-138;g__SFEL01;s__SFEL01 sp004557245	SFEL01 sp004557245	Predicted anaerobe	280	9	A05_bin.50,B01_bin.44,B03_bin.27,C07_bin.64,D06_bin.80,G05_bin.72,G08_bin.58,H03_bin.33,H06_bin.24	Predicted anaerobe	TRUE	0.9824559525111343	0.3519006719157689
D06_bin.95	d__Bacteria;p__Actinomycetota;c__Coriobacteriia;o__Coriobacteriales;f__Eggerthellaceae;g__Anaerotardibacter;s__Anaerotardibacter sp958409415	Anaerotardibacter sp958409415	Predicted anaerobe	280	2	D06_bin.95,G02_bin.66	Predicted anaerobe	TRUE	0.9824559525111343	0.3519006719157689
D07_bin.25	d__Bacteria;p__Actinomycetota;c__Coriobacteriia;o__Coriobacteriales;f__Eggerthellaceae;g__Adlercreutzia;s__Adlercreutzia rubneri	Adlercreutzia rubneri	Predicted anaerobe	280	12	A01_bin.83,A03_bin.30,A07_bin.20,C01_bin.51,C07_bin.63,D01_bin.16,D04_bin.26,D05_bin.53,D07_bin.25,E03_bin.50,G03_bin.48,G06_bin.36	Predicted anaerobe	TRUE	0.9824559525111343	0.3519006719157689
D07_bin.58	d__Bacteria;p__Bacillota;c__Clostridia;o__Oscillospirales;f__Ruminococcaceae;g__Negativibacillus;s__Negativibacillus faecipullorum	Negativibacillus faecipullorum	Predicted anaerobe	280	1	D07_bin.58	Predicted anaerobe	TRUE	0.9824559525111343	0.3519006719157689
D07_bin.75	d__Bacteria;p__Bacillota;c__Clostridia;o__Lachnospirales;f__Lachnospiraceae;g__Blautia_A;s__Blautia_A fusiformis	Blautia A fusiformis	Predicted anaerobe	280	5	A01_bin.61,C03_bin.1,D04_bin.38,D07_bin.75,H04_bin.36	Predicted anaerobe	TRUE	0.9824559525111343	0.3519006719157689
D08_bin.102	d__Bacteria;p__Pseudomonadota;c__Gammaproteobacteria;o__Burkholderiales;f__Burkholderiaceae_F;g__Sutterella;s__Sutterella wadsworthensis_A	Sutterella wadsworthensis A	Predicted anaerobe	280	6	A07_bin.69,D08_bin.102,F06_bin.77,F07_bin.29,G08_bin.79,H06_bin.6	Predicted anaerobe	TRUE	0.9824559525111343	0.3519006719157689
D08_bin.21	d__Bacteria;p__Bacteroidota;c__Bacteroidia;o__Bacteroidales;f__Rikenellaceae;g__Alistipes;s__Alistipes putredinis	Alistipes putredinis	Predicted anaerobe	280	36	A01_bin.23,A04_bin.35,A06_bin.92,A08_bin.80,B02_bin.60,B05_bin.49,B06_bin.69,B08_bin.13,B09_bin.83,C02_bin.70,C04_bin.16,C05_bin.109,C07_bin.7,C08_bin.64,D02_bin.21,D03_bin.26,D08_bin.21,E01_bin.22,E02_bin.52,E04_bin.23,E08_bin.24,F02_bin.85,F03_bin.36,F04_bin.45,F08_bin.84,G01_bin.10,G02_bin.5,G03_bin.93,G04_bin.96,G05_bin.101,G06_bin.85,G07_bin.40,G08_bin.87,H01_bin.83,H03_bin.14,H06_bin.62	Predicted anaerobe	TRUE	0.9824559525111343	0.3519006719157689
D08_bin.43	d__Bacteria;p__Bacillota;c__Clostridia;o__Oscillospirales;f__CAG-272;g__UMGS1696;s__UMGS1696 sp900753285	UMGS1696 sp900753285	Predicted anaerobe	280	1	D08_bin.43	Predicted anaerobe	TRUE	0.9824559525111343	0.3519006719157689
D08_bin.45	d__Bacteria;p__Bacillota;c__Clostridia;o__Oscillospirales;f__Ruminococcaceae;g__Ruminococcus_C;s__Ruminococcus_C sp000980705	Ruminococcus C sp000980705	Predicted anaerobe	280	1	D08_bin.45	Predicted anaerobe	TRUE	0.9824559525111343	0.3519006719157689
D08_bin.51	d__Bacteria;p__Pseudomonadota;c__Alphaproteobacteria;o__RF32;f__CAG-239;g__JAFUYI01;s__JAFUYI01 sp001917175	JAFUYI01 sp001917175	Predicted anaerobe	280	5	B06_bin.24,C08_bin.32,D08_bin.51,G08_bin.23,H03_bin.96	Predicted anaerobe	TRUE	0.9824559525111343	0.3519006719157689
D08_bin.61	d__Bacteria;p__Bacillota;c__Clostridia;o__Christensenellales;f__Borkfalkiaceae;g__Scatosoma;s__Scatosoma sp900542935	Scatosoma sp900542935	Predicted anaerobe	280	1	D08_bin.61	Predicted anaerobe	TRUE	0.9824559525111343	0.3519006719157689
D08_bin.97	d__Bacteria;p__Bacteroidota;c__Bacteroidia;o__Bacteroidales;f__Tannerellaceae;g__Parabacteroides;s__Parabacteroides merdae	Parabacteroides merdae	Predicted anaerobe	280	29	A01_bin.21,A02_bin.58,A03_bin.47,A04_bin.45,A05_bin.19,A06_bin.76,A07_bin.28,B05_bin.40,B08_bin.91,B09_bin.104,C02_bin.30,C07_bin.13,D02_bin.37,D03_bin.13,D08_bin.97,E02_bin.24,E03_bin.45,F01_bin.54,F03_bin.48,F07_bin.62,F08_bin.101,G04_bin.57,G07_bin.93,G08_bin.83,H01_bin.14,H03_bin.58,H04_bin.82,H06_bin.19,H07_bin.69	Predicted anaerobe	TRUE	0.9824559525111343	0.3519006719157689
E01_bin.44	d__Bacteria;p__Bacillota;c__Clostridia;o__Lachnospirales;f__Lachnospiraceae;g__Roseburia_C;s__Roseburia_C amylophila	Roseburia C amylophila	Predicted anaerobe	280	5	B05_bin.100,B08_bin.17,C02_bin.82,E01_bin.44,H06_bin.14	Predicted anaerobe	TRUE	0.9824559525111343	0.3519006719157689
E01_bin.5	d__Bacteria;p__Bacillota;c__Clostridia;o__Oscillospirales;f__Ruminococcaceae;g__Faecalibacterium;s__Faecalibacterium prausnitzii_E	Faecalibacterium prausnitzii E	Predicted anaerobe	280	2	B06_bin.95,E01_bin.5	Predicted anaerobe	TRUE	0.9824559525111343	0.3519006719157689
E01_bin.74	d__Bacteria;p__Bacillota;c__Clostridia;o__Lachnospirales;f__Lachnospiraceae;g__Eubacterium_F;s__Eubacterium_F sp934316845	Eubacterium F sp934316845	Predicted anaerobe	280	1	E01_bin.74	Predicted anaerobe	TRUE	0.9824559525111343	0.3519006719157689
E01_bin.79	d__Bacteria;p__Bacillota;c__Clostridia;o__Oscillospirales;f__Oscillospiraceae;g__Limivicinus;s__Limivicinus sp900547315	Limivicinus sp900547315	Predicted anaerobe	280	2	E01_bin.79,F08_bin.91	Predicted anaerobe	TRUE	0.9824559525111343	0.3519006719157689
E02_bin.46	d__Bacteria;p__Bacillota;c__Clostridia;o__Oscillospirales;f__Ruminococcaceae;g__Faecalibacterium;s__Faecalibacterium langellae	Faecalibacterium langellae	Predicted anaerobe	280	1	E02_bin.46	Predicted anaerobe	TRUE	0.9824559525111343	0.3519006719157689
E02_bin.56	d__Bacteria;p__Pseudomonadota;c__Gammaproteobacteria;o__Enterobacterales;f__Pasteurellaceae;g__Haemophilus_D;s__Haemophilus_D sp001811025	Haemophilus D sp001811025	Facultative/other	8	1	E02_bin.56	Facultative/other	TRUE	0.010925744105273945	0.01646798509219056
E03_bin.16	d__Bacteria;p__Pseudomonadota;c__Alphaproteobacteria;o__RF32;f__CAG-239;g__Scatocola;s__Scatocola faecipullorum	Scatocola faecipullorum	Predicted anaerobe	280	6	B06_bin.1,B08_bin.62,E03_bin.16,F02_bin.58,F07_bin.95,H08_bin.42	Predicted anaerobe	TRUE	0.9824559525111343	0.3519006719157689
E03_bin.28	d__Bacteria;p__Bacteroidota;c__Bacteroidia;o__Bacteroidales;f__Bacteroidaceae;g__Bacteroides;s__Bacteroides intestinalis	Bacteroides intestinalis	Predicted anaerobe	280	1	E03_bin.28	Predicted anaerobe	TRUE	0.9824559525111343	0.3519006719157689
E03_bin.35	d__Bacteria;p__Bacillota;c__Clostridia;o__Lachnospirales;f__Lachnospiraceae;g__Pilosibacter;s__Pilosibacter fragilis	Pilosibacter fragilis	Predicted anaerobe	280	3	B09_bin.97,C06_bin.42,E03_bin.35	Predicted anaerobe	TRUE	0.9824559525111343	0.3519006719157689
E03_bin.39	d__Bacteria;p__Bacillota;c__Clostridia;o__Oscillospirales;f__Oscillospiraceae;g__CAG-170;s__CAG-170 sp900549635	CAG-170 sp900549635	Predicted anaerobe	280	3	C07_bin.66,E03_bin.39,F02_bin.57	Predicted anaerobe	TRUE	0.9824559525111343	0.3519006719157689
E04_bin.38	d__Bacteria;p__Bacillota;c__Clostridia;o__Lachnospirales;f__Lachnospiraceae;g__Blautia_A;s__Blautia_A faecis	Blautia A faecis	Predicted anaerobe	280	2	E04_bin.38,H04_bin.40	Predicted anaerobe	TRUE	0.9824559525111343	0.3519006719157689
E04_bin.61	d__Bacteria;p__Bacillota;c__Clostridia;o__Oscillospirales;f__Oscillospiraceae;g__Hominicoprocola;s__Hominicoprocola sp003522105	Hominicoprocola sp003522105	Predicted anaerobe	280	3	E04_bin.61,H01_bin.77,H03_bin.50	Predicted anaerobe	TRUE	0.9824559525111343	0.3519006719157689
E06_bin.46	d__Bacteria;p__Bacillota;c__Clostridia;o__Christensenellales;f__Borkfalkiaceae;g__Borkfalkia;s__Borkfalkia ceftriaxoniphila	Borkfalkia ceftriaxoniphila	Predicted anaerobe	280	1	E06_bin.46	Predicted anaerobe	TRUE	0.9824559525111343	0.3519006719157689
E06_bin.55	d__Bacteria;p__Bacillota;c__Clostridia;o__Lachnospirales;f__Lachnospiraceae;g__Mediterraneibacter;s__Mediterraneibacter gnavus	Mediterraneibacter gnavus	Predicted anaerobe	280	1	E06_bin.55	Predicted anaerobe	TRUE	0.9824559525111343	0.3519006719157689
E06_bin.63	d__Bacteria;p__Bacillota;c__Clostridia;o__Lachnospirales;f__Lachnospiraceae;g__Eubacterium_F;s__Eubacterium_F sp003491505	Eubacterium F sp003491505	Predicted anaerobe	280	10	A03_bin.22,A05_bin.35,B03_bin.17,C05_bin.119,C08_bin.7,D07_bin.63,E06_bin.63,F02_bin.80,F07_bin.25,G03_bin.109	Predicted anaerobe	TRUE	0.9824559525111343	0.3519006719157689
E06_bin.70	d__Bacteria;p__Bacillota;c__Bacilli;o__Lactobacillales;f__Lactobacillaceae;g__Lactiplantibacillus;s__Lactiplantibacillus plantarum	Lactiplantibacillus plantarum	Facultative/other	8	1	E06_bin.70	Facultative/other	TRUE	0.010925744105273945	0.01646798509219056
E06_bin.83	d__Bacteria;p__Bacteroidota;c__Bacteroidia;o__Bacteroidales;f__Tannerellaceae;g__Parabacteroides;s__Parabacteroides faecalis	Parabacteroides faecalis	Predicted anaerobe	280	1	E06_bin.83	Predicted anaerobe	TRUE	0.9824559525111343	0.3519006719157689
E06_bin.85	d__Bacteria;p__Bacteroidota;c__Bacteroidia;o__Bacteroidales;f__Rikenellaceae;g__Alistipes;s__Alistipes shahii	Alistipes shahii	Predicted anaerobe	280	26	A01_bin.53,A06_bin.91,A07_bin.24,B01_bin.11,B02_bin.91,B03_bin.4,B08_bin.79,C02_bin.10,C03_bin.57,C04_bin.101,D05_bin.10,D08_bin.30,E02_bin.23,E04_bin.17,E06_bin.85,F01_bin.6,F02_bin.17,F04_bin.59,F07_bin.97,G01_bin.25,G02_bin.52,G04_bin.8,H02_bin.50,H04_bin.37,H07_bin.57,H08_bin.6	Predicted anaerobe	TRUE	0.9824559525111343	0.3519006719157689
E07_bin.31	d__Bacteria;p__Bacillota;c__Clostridia;o__TANB77;f__CAG-508;g__Merdicola;s__Merdicola sp018371855	Merdicola sp018371855	Predicted anaerobe	280	1	E07_bin.31	Predicted anaerobe	TRUE	0.9824559525111343	0.3519006719157689
E07_bin.58	d__Bacteria;p__Bacteroidota;c__Bacteroidia;o__Bacteroidales;f__Tannerellaceae;g__Parabacteroides;s__Parabacteroides goldsteinii	Parabacteroides goldsteinii	Predicted anaerobe	280	2	E04_bin.49,E07_bin.58	Predicted anaerobe	TRUE	0.9824559525111343	0.3519006719157689
E07_bin.69	d__Bacteria;p__Bacillota;c__Clostridia;o__Oscillospirales;f__Oscillospiraceae;g__Oscillibacter;s__Oscillibacter welbionis	Oscillibacter welbionis	Predicted anaerobe	280	11	A01_bin.54,A08_bin.84,C06_bin.55,C07_bin.45,E07_bin.69,F02_bin.49,F03_bin.26,G02_bin.67,G06_bin.26,G07_bin.44,H07_bin.70	Predicted anaerobe	TRUE	0.9824559525111343	0.3519006719157689
E07_bin.8	d__Bacteria;p__Bacteroidota;c__Bacteroidia;o__Bacteroidales;f__Bacteroidaceae;g__Bacteroides;s__Bacteroides fragilis	Bacteroides fragilis	Predicted anaerobe	280	3	C07_bin.36,E07_bin.8,H05_bin.55	Predicted anaerobe	TRUE	0.9824559525111343	0.3519006719157689
E07_bin.94	d__Bacteria;p__Bacillota;c__Clostridia;o__Lachnospirales;f__Anaerotignaceae;g__Anaerotignum_A;s__Anaerotignum_A faecicola	Anaerotignum A faecicola	Predicted anaerobe	280	7	A05_bin.123,B07_bin.10,B09_bin.86,C02_bin.67,E03_bin.23,E07_bin.94,F07_bin.73	Predicted anaerobe	TRUE	0.9824559525111343	0.3519006719157689
E08_bin.65	d__Bacteria;p__Bacillota_I;c__Bacilli_A;o__RFN20;f__CAG-288;g__CAG-345;s__CAG-345 sp000433315	CAG-345 sp000433315	Predicted anaerobe	280	4	A06_bin.103,C08_bin.18,D03_bin.4,E08_bin.65	Predicted anaerobe	TRUE	0.9824559525111343	0.3519006719157689
F01_bin.18	d__Bacteria;p__Bacteroidota;c__Bacteroidia;o__Bacteroidales;f__Bacteroidaceae;g__Bacteroides;s__Bacteroides caccae	Bacteroides caccae	Predicted anaerobe	280	2	F01_bin.18,G07_bin.60	Predicted anaerobe	TRUE	0.9824559525111343	0.3519006719157689
F01_bin.44	d__Bacteria;p__Bacillota;c__Clostridia;o__Lachnospirales;f__Lachnospiraceae;g__Roseburia;s__Roseburia intestinalis	Roseburia intestinalis	Predicted anaerobe	280	5	A03_bin.40,A06_bin.22,E02_bin.28,F01_bin.44,G04_bin.55	Predicted anaerobe	TRUE	0.9824559525111343	0.3519006719157689
F01_bin.45	d__Bacteria;p__Bacillota;c__Clostridia;o__Monoglobales;f__Monoglobaceae;g__UMGS1820;s__UMGS1820 sp900545865	UMGS1820 sp900545865	Predicted anaerobe	280	1	F01_bin.45	Predicted anaerobe	TRUE	0.9824559525111343	0.3519006719157689
F02_bin.29	d__Bacteria;p__Bacillota;c__Clostridia;o__Oscillospirales;f__Oscillospiraceae;g__Vescimonas;s__Vescimonas cirricatena	Vescimonas cirricatena	Predicted anaerobe	280	4	C04_bin.35,F02_bin.29,G03_bin.8,G05_bin.68	Predicted anaerobe	TRUE	0.9824559525111343	0.3519006719157689
F02_bin.31	d__Bacteria;p__Verrucomicrobiota;c__Verrucomicrobiia;o__Verrucomicrobiales;f__Akkermansiaceae;g__Akkermansia;s__Akkermansia massiliensis	Akkermansia massiliensis	Predicted anaerobe	280	8	A01_bin.20,A05_bin.1,A07_bin.18,D06_bin.89,E01_bin.70,E06_bin.10,F02_bin.31,H05_bin.51	Predicted anaerobe	TRUE	0.9824559525111343	0.3519006719157689
F02_bin.63	d__Bacteria;p__Actinomycetota;c__Actinomycetes;o__Actinomycetales;f__Bifidobacteriaceae;g__Bifidobacterium;s__Bifidobacterium bifidum	Bifidobacterium bifidum	Predicted anaerobe	280	10	A02_bin.17,A05_bin.117,B08_bin.70,C04_bin.56,D02_bin.38,F02_bin.63,F06_bin.61,G02_bin.24,G03_bin.14,G04_bin.82	Predicted anaerobe	TRUE	0.9824559525111343	0.3519006719157689
F02_bin.65	d__Bacteria;p__Bacillota;c__Clostridia;o__Lachnospirales;f__Lachnospiraceae;g__Blautia_A;s__Blautia_A sp900066335	Blautia A sp900066335	Predicted anaerobe	280	2	F02_bin.65,F06_bin.14	Predicted anaerobe	TRUE	0.9824559525111343	0.3519006719157689
F02_bin.66	d__Bacteria;p__Bacteroidota;c__Bacteroidia;o__Bacteroidales;f__Rikenellaceae;g__Tidjanibacter;s__Tidjanibacter inops	Tidjanibacter inops	Predicted anaerobe	280	26	A01_bin.63,A09_bin.48,B01_bin.67,B03_bin.76,B04_bin.49,B06_bin.56,C01_bin.65,C02_bin.95,C04_bin.37,C05_bin.76,C08_bin.60,D01_bin.25,D05_bin.98,D06_bin.17,E01_bin.93,E06_bin.18,F02_bin.66,F04_bin.12,F07_bin.21,F08_bin.103,G02_bin.29,G04_bin.12,G06_bin.64,H01_bin.27,H05_bin.36,H06_bin.17	Predicted anaerobe	TRUE	0.9824559525111343	0.3519006719157689
F03_bin.1	d__Bacteria;p__Bacillota;c__Clostridia;o__Lachnospirales;f__Lachnospiraceae;g__Acetatifactor;s__Acetatifactor acetigignens	Acetatifactor acetigignens	Predicted anaerobe	280	16	A08_bin.7,B07_bin.6,B08_bin.45,C01_bin.10,C08_bin.30,E02_bin.1,E03_bin.18,E06_bin.56,E08_bin.6,F02_bin.22,F03_bin.1,F04_bin.21,F06_bin.67,G01_bin.78,G07_bin.92,H06_bin.49	Predicted anaerobe	TRUE	0.9824559525111343	0.3519006719157689
F03_bin.13	d__Bacteria;p__Bacteroidota;c__Bacteroidia;o__Bacteroidales;f__Rikenellaceae;g__Alistipes;s__Alistipes finegoldii	Alistipes finegoldii	Predicted anaerobe	280	23	A01_bin.82,A05_bin.12,B07_bin.24,B08_bin.10,C02_bin.97,C03_bin.45,C04_bin.31,C05_bin.83,D03_bin.75,D06_bin.71,E02_bin.55,E07_bin.4,E08_bin.95,F01_bin.61,F02_bin.18,F03_bin.13,F05_bin.63,F06_bin.5,G01_bin.35,G02_bin.9,G04_bin.83,H04_bin.85,H07_bin.22	Predicted anaerobe	TRUE	0.9824559525111343	0.3519006719157689
F03_bin.22	d__Bacteria;p__Bacillota;c__Clostridia;o__Oscillospirales;f__Ruminococcaceae;g__Faecalibacterium;s__Faecalibacterium prausnitzii_I	Faecalibacterium prausnitzii I	Predicted anaerobe	280	1	F03_bin.22	Predicted anaerobe	TRUE	0.9824559525111343	0.3519006719157689
F03_bin.29	d__Bacteria;p__Bacteroidota;c__Bacteroidia;o__Bacteroidales;f__Bacteroidaceae;g__Bacteroides;s__Bacteroides cellulosilyticus	Bacteroides cellulosilyticus	Predicted anaerobe	280	11	A05_bin.34,B04_bin.43,B08_bin.6,C05_bin.26,C08_bin.24,D07_bin.34,E04_bin.22,F03_bin.29,G04_bin.60,H03_bin.16,H05_bin.65	Predicted anaerobe	TRUE	0.9824559525111343	0.3519006719157689
F03_bin.35	d__Bacteria;p__Actinomycetota;c__Coriobacteriia;o__Coriobacteriales;f__Coriobacteriaceae;g__Collinsella;s__	Collinsella	Predicted anaerobe	280	1	F03_bin.35	Predicted anaerobe	TRUE	0.9824559525111343	0.3519006719157689
F03_bin.40	d__Bacteria;p__Bacillota;c__Clostridia;o__Lachnospirales;f__Lachnospiraceae;g__Blautia_A;s__Blautia_A wexlerae	Blautia A wexlerae	Predicted anaerobe	280	15	A04_bin.50,A06_bin.104,A07_bin.55,A08_bin.101,B03_bin.75,C04_bin.38,C06_bin.63,D01_bin.44,D07_bin.2,E07_bin.46,F01_bin.28,F03_bin.40,F06_bin.27,F08_bin.55,H08_bin.40	Predicted anaerobe	TRUE	0.9824559525111343	0.3519006719157689
F04_bin.40	d__Bacteria;p__Bacillota;c__Clostridia;o__Lachnospirales;f__Lachnospiraceae;g__Blautia_A;s__Blautia_A obeum	Blautia A obeum	Predicted anaerobe	280	1	F04_bin.40	Predicted anaerobe	TRUE	0.9824559525111343	0.3519006719157689
F04_bin.52	d__Bacteria;p__Bacillota;c__Clostridia;o__Lachnospirales;f__Lachnospiraceae;g__Eisenbergiella;s__Eisenbergiella sp900555195	Eisenbergiella sp900555195	Predicted anaerobe	280	1	F04_bin.52	Predicted anaerobe	TRUE	0.9824559525111343	0.3519006719157689
F05_bin.14	d__Bacteria;p__Bacillota;c__Clostridia;o__Lachnospirales;f__Lachnospiraceae;g__Mediterraneibacter;s__Mediterraneibacter lactaris	Mediterraneibacter lactaris	Predicted anaerobe	280	1	F05_bin.14	Predicted anaerobe	TRUE	0.9824559525111343	0.3519006719157689
F05_bin.45	d__Bacteria;p__Pseudomonadota;c__Gammaproteobacteria;o__Burkholderiales;f__Burkholderiaceae_F;g__Duodenibacillus;s__Duodenibacillus intestinavium	Duodenibacillus intestinavium	Predicted anaerobe	280	1	F05_bin.45	Predicted anaerobe	TRUE	0.9824559525111343	0.3519006719157689
F05_bin.48	d__Bacteria;p__Pseudomonadota;c__Gammaproteobacteria;o__Burkholderiales;f__Burkholderiaceae_F;g__Sutterella;s__Sutterella wadsworthensis	Sutterella wadsworthensis	Predicted anaerobe	280	16	A09_bin.32,B05_bin.10,B06_bin.58,B08_bin.14,C07_bin.84,C08_bin.50,D03_bin.23,D08_bin.92,E03_bin.38,E04_bin.15,F02_bin.81,F03_bin.34,F05_bin.48,F07_bin.32,H05_bin.8,H07_bin.72	Predicted anaerobe	TRUE	0.9824559525111343	0.3519006719157689
F06_bin.46	d__Bacteria;p__Bacillota;c__Bacilli;o__Lactobacillales;f__Streptococcaceae;g__Streptococcus;s__Streptococcus thermophilus	Streptococcus thermophilus	Facultative/other	8	9	A02_bin.41,A04_bin.47,C06_bin.37,D04_bin.22,D05_bin.32,E06_bin.9,F06_bin.46,G02_bin.7,H07_bin.59	Facultative/other	TRUE	0.010925744105273945	0.01646798509219056
F06_bin.47	d__Bacteria;p__Verrucomicrobiota;c__Lentisphaeria;o__Victivallales;f__Victivallaceae;g__Victivallis;s__Victivallis lenta	Victivallis lenta	Predicted anaerobe	280	3	F06_bin.47,F07_bin.13,H03_bin.90	Predicted anaerobe	TRUE	0.9824559525111343	0.3519006719157689
F06_bin.53	d__Bacteria;p__Bacillota;c__Clostridia;o__Oscillospirales;f__Ruminococcaceae;g__Faecalibacterium;s__Faecalibacterium tardum	Faecalibacterium tardum	Predicted anaerobe	280	3	C06_bin.22,E07_bin.92,F06_bin.53	Predicted anaerobe	TRUE	0.9824559525111343	0.3519006719157689
F06_bin.75	d__Bacteria;p__Bacillota;c__Clostridia;o__Oscillospirales;f__Oscillospiraceae;g__Hominicoprocola;s__Hominicoprocola fusiformis	Hominicoprocola fusiformis	Predicted anaerobe	280	40	A01_bin.32,A02_bin.54,A06_bin.17,A07_bin.63,A08_bin.69,B01_bin.41,B04_bin.7,B05_bin.6,B07_bin.30,B09_bin.12,C01_bin.67,C02_bin.43,C04_bin.9,C05_bin.77,C07_bin.41,C08_bin.63,D01_bin.57,D02_bin.46,D03_bin.74,D06_bin.49,D07_bin.15,D08_bin.29,E01_bin.56,E06_bin.49,E07_bin.73,E08_bin.12,F01_bin.53,F02_bin.47,F03_bin.41,F06_bin.75,F07_bin.9,F08_bin.92,G01_bin.73,G03_bin.69,G04_bin.86,G06_bin.47,G07_bin.45,H02_bin.61,H04_bin.71,H05_bin.72	Predicted anaerobe	TRUE	0.9824559525111343	0.3519006719157689
F07_bin.105	d__Bacteria;p__Bacillota;c__Clostridia;o__Oscillospirales;f__Oscillospiraceae;g__F23-B02;s__F23-B02 sp001916715	F23-B02 sp001916715	Predicted anaerobe	280	3	B01_bin.64,C08_bin.71,F07_bin.105	Predicted anaerobe	TRUE	0.9824559525111343	0.3519006719157689
F07_bin.42	d__Bacteria;p__Bacillota;c__Clostridia;o__Lachnospirales;f__Lachnospiraceae;g__Lachnospira;s__Lachnospira eligens_A	Lachnospira eligens A	Predicted anaerobe	280	7	A03_bin.45,B08_bin.42,C08_bin.66,D08_bin.5,E08_bin.51,F07_bin.42,G08_bin.6	Predicted anaerobe	TRUE	0.9824559525111343	0.3519006719157689
F07_bin.6	d__Bacteria;p__Bacillota;c__Clostridia;o__Oscillospirales;f__Acutalibacteraceae;g__CAG-217;s__CAG-217 sp000436335	CAG-217 sp000436335	Predicted anaerobe	280	10	A08_bin.59,B04_bin.34,B06_bin.36,D06_bin.8,E03_bin.66,E06_bin.1,F07_bin.6,G02_bin.39,G07_bin.56,H03_bin.1	Predicted anaerobe	TRUE	0.9824559525111343	0.3519006719157689
F07_bin.74	d__Bacteria;p__Bacillota;c__Clostridia;o__Lachnospirales;f__Lachnospiraceae;g__Coprococcus;s__Coprococcus aceti	Coprococcus aceti	Predicted anaerobe	280	10	A08_bin.36,B08_bin.50,C01_bin.33,C04_bin.86,E02_bin.40,F05_bin.49,F07_bin.74,G04_bin.42,G05_bin.42,G07_bin.2	Predicted anaerobe	TRUE	0.9824559525111343	0.3519006719157689
F07_bin.93	d__Bacteria;p__Bacillota;c__Clostridia;o__Oscillospirales;f__Acutalibacteraceae;g__Pseudoruminococcus;s__Pseudoruminococcus massiliensis	Pseudoruminococcus massiliensis	Predicted anaerobe	280	4	B01_bin.71,F01_bin.50,F07_bin.93,G04_bin.33	Predicted anaerobe	TRUE	0.9824559525111343	0.3519006719157689
F08_bin.12	d__Bacteria;p__Bacteroidota;c__Bacteroidia;o__Bacteroidales;f__Rikenellaceae;g__Alistipes_A;s__Alistipes_A hominis	Alistipes A hominis	Predicted anaerobe	280	18	A08_bin.88,B02_bin.81,B03_bin.37,C02_bin.44,C05_bin.6,D03_bin.55,D05_bin.14,E04_bin.54,F02_bin.67,F06_bin.76,F08_bin.12,G01_bin.20,G03_bin.101,G07_bin.59,H01_bin.94,H03_bin.10,H06_bin.34,H07_bin.21	Predicted anaerobe	TRUE	0.9824559525111343	0.3519006719157689
F08_bin.22	d__Bacteria;p__Pseudomonadota;c__Gammaproteobacteria;o__Burkholderiales;f__Burkholderiaceae_D;g__Oxalobacter;s__Oxalobacter formigenes	Oxalobacter formigenes	Predicted anaerobe	280	2	C07_bin.53,F08_bin.22	Predicted anaerobe	TRUE	0.9824559525111343	0.3519006719157689
F08_bin.54	d__Bacteria;p__Pseudomonadota;c__Gammaproteobacteria;o__Enterobacterales;f__Pasteurellaceae;g__Haemophilus_D;s__Haemophilus_D sp905371285	Haemophilus D sp905371285	Facultative/other	8	1	F08_bin.54	Facultative/other	TRUE	0.010925744105273945	0.01646798509219056
G01_bin.11	d__Bacteria;p__Bacillota;c__Clostridia;o__Oscillospirales;f__CAG-272;g__Colimorpha_A;s__Colimorpha_A sp000433515	Colimorpha A sp000433515	Predicted anaerobe	280	1	G01_bin.11	Predicted anaerobe	TRUE	0.9824559525111343	0.3519006719157689
G01_bin.26	d__Bacteria;p__Bacillota;c__Clostridia;o__Oscillospirales;f__Acutalibacteraceae;g__CAG-557;s__CAG-557 sp000435275	CAG-557 sp000435275	Predicted anaerobe	280	1	G01_bin.26	Predicted anaerobe	TRUE	0.9824559525111343	0.3519006719157689
G01_bin.30	d__Bacteria;p__Bacillota;c__Clostridia;o__Oscillospirales;f__Ruminococcaceae;g__Faecalibacterium;s__Faecalibacterium sp900539945	Faecalibacterium sp900539945	Predicted anaerobe	280	3	B09_bin.33,C04_bin.99,G01_bin.30	Predicted anaerobe	TRUE	0.9824559525111343	0.3519006719157689
G01_bin.63	d__Bacteria;p__Bacillota;c__Clostridia;o__Oscillospirales;f__Oscillospiraceae;g__Apopatocola;s__Apopatocola sp003522945	Apopatocola sp003522945	Predicted anaerobe	280	2	G01_bin.63,G03_bin.38	Predicted anaerobe	TRUE	0.9824559525111343	0.3519006719157689
G01_bin.72	d__Bacteria;p__Bacillota_I;c__Bacilli_A;o__RF39;f__UBA660;g__CAG-302;s__CAG-302 sp000431795	CAG-302 sp000431795	Predicted anaerobe	280	2	F08_bin.102,G01_bin.72	Predicted anaerobe	TRUE	0.9824559525111343	0.3519006719157689
G01_bin.76	d__Bacteria;p__Pseudomonadota;c__Alphaproteobacteria;o__RF32;f__CAG-239;g__Scatacola_A;s__Scatacola_A faecigallinarum	Scatacola A faecigallinarum	Predicted anaerobe	280	7	A06_bin.97,C05_bin.36,C07_bin.90,C08_bin.11,E04_bin.20,F07_bin.40,G01_bin.76	Predicted anaerobe	TRUE	0.9824559525111343	0.3519006719157689
G01_bin.80	d__Bacteria;p__Bacillota;c__Clostridia;o__Lachnospirales;f__Lachnospiraceae;g__Suilimivivens;s__Suilimivivens sp000438155	Suilimivivens sp000438155	Predicted anaerobe	280	6	B03_bin.58,B06_bin.61,B07_bin.67,F08_bin.27,G01_bin.80,H06_bin.95	Predicted anaerobe	TRUE	0.9824559525111343	0.3519006719157689
G01_bin.81	d__Bacteria;p__Bacillota;c__Clostridia;o__Lachnospirales;f__Lachnospiraceae;g__Roseburia;s__Roseburia sp000434275	Roseburia sp000434275	Predicted anaerobe	280	1	G01_bin.81	Predicted anaerobe	TRUE	0.9824559525111343	0.3519006719157689
G02_bin.41	d__Bacteria;p__Bacteroidota;c__Bacteroidia;o__Bacteroidales;f__Rikenellaceae;g__Alistipes_A;s__Alistipes_A indistinctus	Alistipes A indistinctus	Predicted anaerobe	280	8	B01_bin.1,B03_bin.24,B07_bin.91,E04_bin.69,E07_bin.5,F08_bin.41,G02_bin.41,H01_bin.16	Predicted anaerobe	TRUE	0.9824559525111343	0.3519006719157689
G02_bin.42	d__Bacteria;p__Bacillota;c__Clostridia;o__Oscillospirales;f__Oscillospiraceae;g__Scatomorpha;s__	Scatomorpha	Predicted anaerobe	280	1	G02_bin.42	Predicted anaerobe	TRUE	0.9824559525111343	0.3519006719157689
G03_bin.106	d__Bacteria;p__Bacteroidota;c__Bacteroidia;o__Bacteroidales;f__Bacteroidaceae;g__Bacteroides;s__Bacteroides eggerthii	Bacteroides eggerthii	Predicted anaerobe	280	1	G03_bin.106	Predicted anaerobe	TRUE	0.9824559525111343	0.3519006719157689
G03_bin.17	d__Bacteria;p__Bacillota;c__Clostridia;o__Oscillospirales;f__Oscillospiraceae;g__Vescimonas;s__Vescimonas sp900545585	Vescimonas sp900545585	Predicted anaerobe	280	8	A08_bin.27,F06_bin.28,F07_bin.116,G02_bin.14,G03_bin.17,G04_bin.15,G07_bin.38,H06_bin.45	Predicted anaerobe	TRUE	0.9824559525111343	0.3519006719157689
G03_bin.32	d__Bacteria;p__Bacillota;c__Clostridia;o__Oscillospirales;f__Oscillospiraceae;g__Onthomonas;s__Onthomonas sp900545815	Onthomonas sp900545815	Predicted anaerobe	280	2	F07_bin.75,G03_bin.32	Predicted anaerobe	TRUE	0.9824559525111343	0.3519006719157689
G03_bin.62	d__Bacteria;p__Bacillota;c__Clostridia;o__Oscillospirales;f__Ruminococcaceae;g__Merdivicinus;s__Merdivicinus sp934539585	Merdivicinus sp934539585	Predicted anaerobe	280	1	G03_bin.62	Predicted anaerobe	TRUE	0.9824559525111343	0.3519006719157689
G03_bin.76	d__Bacteria;p__Bacillota;c__Clostridia;o__Oscillospirales;f__CAG-272;g__Flemingiibacterium;s__Flemingiibacterium sp900546315	Flemingiibacterium sp900546315	Predicted anaerobe	280	1	G03_bin.76	Predicted anaerobe	TRUE	0.9824559525111343	0.3519006719157689
G04_bin.50	d__Bacteria;p__Bacillota;c__Clostridia;o__Lachnospirales;f__Lachnospiraceae;g__Butyribacter;s__Butyribacter sp003529475	Butyribacter sp003529475	Predicted anaerobe	280	6	C05_bin.62,C08_bin.23,E02_bin.38,F07_bin.103,G04_bin.50,G08_bin.19	Predicted anaerobe	TRUE	0.9824559525111343	0.3519006719157689
G04_bin.79	d__Bacteria;p__Pseudomonadota;c__Gammaproteobacteria;o__Burkholderiales;f__Burkholderiaceae_F;g__Parasutterella;s__Parasutterella excrementihominis	Parasutterella excrementihominis	Predicted anaerobe	280	6	A08_bin.86,F07_bin.38,G04_bin.79,G05_bin.64,G07_bin.26,H04_bin.15	Predicted anaerobe	TRUE	0.9824559525111343	0.3519006719157689
G04_bin.89	d__Bacteria;p__Bacillota_I;c__Bacilli_A;o__RF39;f__UBA660;g__CAG-302;s__CAG-302 sp934162325	CAG-302 sp934162325	Predicted anaerobe	280	4	A05_bin.42,D03_bin.3,G04_bin.89,G06_bin.58	Predicted anaerobe	TRUE	0.9824559525111343	0.3519006719157689
G04_bin.90	d__Bacteria;p__Bacteroidota;c__Bacteroidia;o__Bacteroidales;f__Bacteroidaceae;g__Bacteroides;s__Bacteroides stercoris	Bacteroides stercoris	Predicted anaerobe	280	2	D06_bin.48,G04_bin.90	Predicted anaerobe	TRUE	0.9824559525111343	0.3519006719157689
G05_bin.10	d__Bacteria;p__Bacillota;c__Clostridia;o__Christensenellales;f__CAG-138;g__Phil1;s__Phil1 sp001940855	Phil1 sp001940855	Predicted anaerobe	280	5	B01_bin.3,B02_bin.78,F06_bin.50,G05_bin.10,H03_bin.109	Predicted anaerobe	TRUE	0.9824559525111343	0.3519006719157689
G05_bin.13	d__Bacteria;p__Bacillota;c__Clostridia;o__Oscillospirales;f__Acutalibacteraceae;g__Ruminococcoides;s__Ruminococcoides intestinale	Ruminococcoides intestinale	Predicted anaerobe	280	15	A03_bin.14,A08_bin.6,B05_bin.16,C01_bin.35,C04_bin.8,C05_bin.38,D01_bin.78,E01_bin.97,E08_bin.75,G01_bin.67,G05_bin.13,G07_bin.51,H01_bin.28,H03_bin.103,H05_bin.17	Predicted anaerobe	TRUE	0.9824559525111343	0.3519006719157689
G05_bin.15	d__Bacteria;p__Bacillota;c__Clostridia;o__Lachnospirales;f__Lachnospiraceae;g__Maccoyibacter;s__Maccoyibacter intestinihominis	Maccoyibacter intestinihominis	Predicted anaerobe	280	2	E04_bin.10,G05_bin.15	Predicted anaerobe	TRUE	0.9824559525111343	0.3519006719157689
G05_bin.22	d__Bacteria;p__Bacillota;c__Clostridia;o__Christensenellales;f__CAG-138;g__PeH17;s__PeH17 sp000435055	PeH17 sp000435055	Predicted anaerobe	280	4	B08_bin.35,G03_bin.20,G05_bin.22,G08_bin.13	Predicted anaerobe	TRUE	0.9824559525111343	0.3519006719157689
G05_bin.67	d__Bacteria;p__Bacteroidota;c__Bacteroidia;o__Bacteroidales;f__Marinifilaceae;g__Butyricimonas;s__Butyricimonas paravirosa	Butyricimonas paravirosa	Predicted anaerobe	280	5	A03_bin.63,B03_bin.16,B08_bin.7,F08_bin.66,G05_bin.67	Predicted anaerobe	TRUE	0.9824559525111343	0.3519006719157689
G05_bin.71	d__Bacteria;p__Bacillota;c__Clostridia;o__Oscillospirales;f__Oscillospiraceae;g__F23-B02;s__F23-B02 sp002472405	F23-B02 sp002472405	Predicted anaerobe	280	1	G05_bin.71	Predicted anaerobe	TRUE	0.9824559525111343	0.3519006719157689
G05_bin.76	d__Bacteria;p__Bacillota;c__Clostridia;o__Oscillospirales;f__CAG-382;g__Woodwardiibium;s__Woodwardiibium sp900760275	Woodwardiibium sp900760275	Predicted anaerobe	280	1	G05_bin.76	Predicted anaerobe	TRUE	0.9824559525111343	0.3519006719157689
G06_bin.14	d__Bacteria;p__Bacillota;c__Clostridia;o__Oscillospirales;f__Acutalibacteraceae;g__Eubacterium_R;s__Eubacterium_R sp000436835	Eubacterium R sp000436835	Predicted anaerobe	280	3	C05_bin.9,F08_bin.49,G06_bin.14	Predicted anaerobe	TRUE	0.9824559525111343	0.3519006719157689
G06_bin.24	d__Bacteria;p__Bacillota;c__Clostridia;o__Oscillospirales;f__Oscillospiraceae;g__CAG-170;s__CAG-170 sp000432135	CAG-170 sp000432135	Predicted anaerobe	280	16	A05_bin.39,B08_bin.69,C04_bin.69,C07_bin.6,D01_bin.12,D06_bin.37,E02_bin.19,E06_bin.40,E08_bin.86,F05_bin.27,F07_bin.33,G02_bin.18,G05_bin.41,G06_bin.24,H03_bin.67,H06_bin.22	Predicted anaerobe	TRUE	0.9824559525111343	0.3519006719157689
G06_bin.89	d__Bacteria;p__Bacteroidota;c__Bacteroidia;o__Bacteroidales;f__Rikenellaceae;g__Alistipes;s__Alistipes sp900541585	Alistipes sp900541585	Predicted anaerobe	280	1	G06_bin.89	Predicted anaerobe	TRUE	0.9824559525111343	0.3519006719157689
G07_bin.107	d__Bacteria;p__Bacillota;c__Clostridia;o__Lachnospirales;f__Lachnospiraceae;g__Roseburia;s__Roseburia faecis	Roseburia faecis	Predicted anaerobe	280	23	A02_bin.81,A03_bin.33,B05_bin.18,B06_bin.67,B09_bin.2,C01_bin.32,C03_bin.17,C04_bin.34,C06_bin.21,D01_bin.60,D03_bin.91,D06_bin.65,D07_bin.55,E06_bin.52,F02_bin.28,F03_bin.47,F05_bin.20,G03_bin.56,G05_bin.98,G06_bin.70,G07_bin.107,H01_bin.34,H08_bin.20	Predicted anaerobe	TRUE	0.9824559525111343	0.3519006719157689
G07_bin.76	d__Bacteria;p__Bacteroidota;c__Bacteroidia;o__Bacteroidales;f__Bacteroidaceae;g__Phocaeicola;s__Phocaeicola coprocola	Phocaeicola coprocola	Predicted anaerobe	280	6	A02_bin.50,A07_bin.37,A08_bin.93,G07_bin.76,H03_bin.62,H08_bin.46	Predicted anaerobe	TRUE	0.9824559525111343	0.3519006719157689
G07_bin.85	d__Bacteria;p__Bacillota;c__Clostridia;o__Christensenellales;f__Aristaeellaceae;g__UBA11524;s__UBA11524 sp000437595	UBA11524 sp000437595	Predicted anaerobe	280	31	A05_bin.101,A06_bin.57,A07_bin.74,A08_bin.90,A09_bin.42,B02_bin.31,B03_bin.66,C01_bin.5,C05_bin.1,C07_bin.62,C08_bin.8,D01_bin.46,D03_bin.71,E01_bin.91,E02_bin.42,E08_bin.71,F01_bin.9,F05_bin.7,F06_bin.36,F07_bin.57,F08_bin.14,G01_bin.15,G03_bin.82,G04_bin.75,G05_bin.65,G07_bin.85,H01_bin.47,H02_bin.3,H03_bin.30,H05_bin.33,H06_bin.84	Predicted anaerobe	TRUE	0.9824559525111343	0.3519006719157689
G08_bin.11	d__Bacteria;p__Bacillota;c__Clostridia;o__UBA1212;f__UBA1255;g__Egerieisoma;s__Egerieisoma faecipullorum	Egerieisoma faecipullorum	Predicted anaerobe	280	3	B01_bin.26,E08_bin.39,G08_bin.11	Predicted anaerobe	TRUE	0.9824559525111343	0.3519006719157689
G08_bin.17	d__Bacteria;p__Bacillota;c__Clostridia;o__Oscillospirales;f__Oscillospiraceae;g__Hominicoprocola;s__Hominicoprocola sp900317525	Hominicoprocola sp900317525	Predicted anaerobe	280	30	A01_bin.90,A04_bin.22,A08_bin.31,B01_bin.65,B02_bin.103,B03_bin.10,B05_bin.38,B08_bin.51,C01_bin.45,C02_bin.56,C04_bin.92,C05_bin.79,D08_bin.98,E01_bin.82,E06_bin.60,E08_bin.42,F04_bin.46,F05_bin.16,F06_bin.95,F08_bin.31,G01_bin.33,G02_bin.44,G04_bin.43,G05_bin.66,G06_bin.75,G07_bin.80,G08_bin.17,H02_bin.28,H04_bin.65,H06_bin.56	Predicted anaerobe	TRUE	0.9824559525111343	0.3519006719157689
G08_bin.64	d__Bacteria;p__Bacillota;c__Clostridia;o__Oscillospirales;f__Oscillospiraceae;g__Scatomorpha;s__Scatomorpha merdavium	Scatomorpha merdavium	Predicted anaerobe	280	1	G08_bin.64	Predicted anaerobe	TRUE	0.9824559525111343	0.3519006719157689
G08_bin.70	d__Bacteria;p__Bacillota;c__Clostridia;o__Christensenellales;f__Aristaeellaceae;g__Alectryocaccomicrobium;s__Alectryocaccomicrobium faecavium	Alectryocaccomicrobium faecavium	Predicted anaerobe	280	1	G08_bin.70	Predicted anaerobe	TRUE	0.9824559525111343	0.3519006719157689
G08_bin.86	d__Bacteria;p__Bacillota;c__Clostridia;o__Oscillospirales;f__Oscillospiraceae;g__JAZOXB01;s__JAZOXB01 sp040096185	JAZOXB01 sp040096185	Predicted anaerobe	280	3	A04_bin.2,C07_bin.80,G08_bin.86	Predicted anaerobe	TRUE	0.9824559525111343	0.3519006719157689
G08_bin.88	d__Bacteria;p__Bacillota_I;c__Bacilli_A;o__Erysipelotrichales;f__Erysipelotrichaceae;g__Merdibacter;s__Merdibacter merdipullorum	Merdibacter merdipullorum	Predicted anaerobe	280	1	G08_bin.88	Predicted anaerobe	TRUE	0.9824559525111343	0.3519006719157689
G08_bin.9	d__Bacteria;p__Bacillota;c__Clostridia;o__Oscillospirales;f__Ruminococcaceae;g__Faecalibacterium;s__Faecalibacterium taiwanense	Faecalibacterium taiwanense	Predicted anaerobe	280	9	A04_bin.11,B08_bin.49,C03_bin.11,C06_bin.18,C07_bin.5,D04_bin.50,E03_bin.58,F04_bin.64,G08_bin.9	Predicted anaerobe	TRUE	0.9824559525111343	0.3519006719157689
H01_bin.11	d__Bacteria;p__Bacillota;c__Clostridia;o__Oscillospirales;f__Ruminococcaceae;g__Gemmiger;s__Gemmiger sp900540775	Gemmiger sp900540775	Predicted anaerobe	280	1	H01_bin.11	Predicted anaerobe	TRUE	0.9824559525111343	0.3519006719157689
H01_bin.42	d__Bacteria;p__Actinomycetota;c__Coriobacteriia;o__Coriobacteriales;f__Coriobacteriaceae;g__Collinsella;s__Collinsella sp900540945	Collinsella sp900540945	Predicted anaerobe	280	1	H01_bin.42	Predicted anaerobe	TRUE	0.9824559525111343	0.3519006719157689
H01_bin.45	d__Bacteria;p__Bacteroidota;c__Bacteroidia;o__Bacteroidales;f__Bacteroidaceae;g__Prevotella;s__Prevotella sinensis	Prevotella sinensis	Predicted anaerobe	280	1	H01_bin.45	Predicted anaerobe	TRUE	0.9824559525111343	0.3519006719157689
H01_bin.58	d__Bacteria;p__Bacillota;c__Clostridia;o__Oscillospirales;f__Oscillospiraceae;g__Vescimonas;s__Vescimonas sp900554275	Vescimonas sp900554275	Predicted anaerobe	280	1	H01_bin.58	Predicted anaerobe	TRUE	0.9824559525111343	0.3519006719157689
H01_bin.87	d__Bacteria;p__Bacillota;c__Clostridia;o__Lachnospirales;f__Lachnospiraceae;g__Acetatifactor;s__Acetatifactor intestinalis	Acetatifactor intestinalis	Predicted anaerobe	280	7	A01_bin.65,C02_bin.28,D06_bin.47,E02_bin.22,F07_bin.132,H01_bin.87,H03_bin.36	Predicted anaerobe	TRUE	0.9824559525111343	0.3519006719157689
H01_bin.93	d__Bacteria;p__Bacillota;c__Clostridia;o__Oscillospirales;f__Oscillospiraceae;g__CAG-170;s__CAG-170 sp900553545	CAG-170 sp900553545	Predicted anaerobe	280	1	H01_bin.93	Predicted anaerobe	TRUE	0.9824559525111343	0.3519006719157689
H02_bin.14	d__Bacteria;p__Bacillota;c__Clostridia;o__Oscillospirales;f__Oscillospiraceae;g__Vescimonas;s__Vescimonas sp900547745	Vescimonas sp900547745	Predicted anaerobe	280	3	C01_bin.23,C05_bin.87,H02_bin.14	Predicted anaerobe	TRUE	0.9824559525111343	0.3519006719157689
H02_bin.18	d__Bacteria;p__Actinomycetota;c__Actinomycetes;o__Actinomycetales;f__Bifidobacteriaceae;g__Bifidobacterium;s__Bifidobacterium adolescentis	Bifidobacterium adolescentis	Predicted anaerobe	280	10	A08_bin.1,A09_bin.34,B05_bin.80,E01_bin.26,E02_bin.16,F02_bin.7,F04_bin.55,G07_bin.30,G08_bin.42,H02_bin.18	Predicted anaerobe	TRUE	0.9824559525111343	0.3519006719157689
H02_bin.19	d__Bacteria;p__Pseudomonadota;c__Gammaproteobacteria;o__Burkholderiales;f__Burkholderiaceae_F;g__Sutterella;s__Sutterella seckii	Sutterella seckii	Predicted anaerobe	280	2	E02_bin.3,H02_bin.19	Predicted anaerobe	TRUE	0.9824559525111343	0.3519006719157689
H02_bin.41	d__Bacteria;p__Bacillota;c__Clostridia;o__Oscillospirales;f__Ruminococcaceae;g__Ruminococcus_C;s__Ruminococcus_C callidus	Ruminococcus C callidus	Predicted anaerobe	280	2	F02_bin.71,H02_bin.41	Predicted anaerobe	TRUE	0.9824559525111343	0.3519006719157689
H03_bin.18	d__Bacteria;p__Bacillota_I;c__Bacilli_A;o__ML615J-28;f__CAG-313;g__CAG-313;s__CAG-313 sp000433035	CAG-313 sp000433035	Predicted anaerobe	280	3	B08_bin.32,G05_bin.86,H03_bin.18	Predicted anaerobe	TRUE	0.9824559525111343	0.3519006719157689
H03_bin.2	d__Bacteria;p__Bacillota;c__Clostridia;o__Oscillospirales;f__CAG-382;g__UBA1206;s__UBA1206 sp000433115	UBA1206 sp000433115	Predicted anaerobe	280	1	H03_bin.2	Predicted anaerobe	TRUE	0.9824559525111343	0.3519006719157689
H03_bin.22	d__Bacteria;p__Bacillota;c__Clostridia;o__Oscillospirales;f__Oscillospiraceae;g__Faecousia;s__Faecousia sp000434635	Faecousia sp000434635	Predicted anaerobe	280	7	A06_bin.8,F04_bin.24,G03_bin.31,G05_bin.9,H01_bin.20,H03_bin.22,H06_bin.73	Predicted anaerobe	TRUE	0.9824559525111343	0.3519006719157689
H03_bin.38	d__Bacteria;p__Bacillota;c__Clostridia;o__Christensenellales;f__UBA1750;g__Spyradocola;s__Spyradocola sp905193155	Spyradocola sp905193155	Predicted anaerobe	280	1	H03_bin.38	Predicted anaerobe	TRUE	0.9824559525111343	0.3519006719157689
H03_bin.66	d__Bacteria;p__Bacillota;c__Clostridia;o__Christensenellales;f__Borkfalkiaceae;g__UMGS621;s__UMGS621 sp900543915	UMGS621 sp900543915	Predicted anaerobe	280	4	B06_bin.17,F07_bin.125,G05_bin.60,H03_bin.66	Predicted anaerobe	TRUE	0.9824559525111343	0.3519006719157689
H03_bin.72	d__Bacteria;p__Bacillota;c__Clostridia;o__Oscillospirales;f__CAG-272;g__UMGS1312;s__UMGS1312 sp900550625	UMGS1312 sp900550625	Predicted anaerobe	280	1	H03_bin.72	Predicted anaerobe	TRUE	0.9824559525111343	0.3519006719157689
H04_bin.32	d__Bacteria;p__Bacillota;c__Clostridia;o__Oscillospirales;f__Oscillospiraceae;g__Evtepia;s__Evtepia excrementipullorum	Evtepia excrementipullorum	Predicted anaerobe	280	2	A05_bin.58,H04_bin.32	Predicted anaerobe	TRUE	0.9824559525111343	0.3519006719157689
H04_bin.33	d__Bacteria;p__Bacillota;c__Clostridia;o__Oscillospirales;f__Acutalibacteraceae;g__Clostridium_A;s__Clostridium_A leptum	Clostridium A leptum	Predicted anaerobe	280	1	H04_bin.33	Predicted anaerobe	TRUE	0.9824559525111343	0.3519006719157689
H04_bin.57	d__Bacteria;p__Bacillota;c__Clostridia;o__Oscillospirales;f__Ruminococcaceae;g__Gemmiger;s__Gemmiger formicilis	Gemmiger formicilis	Predicted anaerobe	280	34	A02_bin.15,A04_bin.15,A05_bin.65,A07_bin.61,B02_bin.95,B04_bin.11,B08_bin.92,B09_bin.18,C03_bin.54,C04_bin.88,C08_bin.38,D02_bin.51,D04_bin.20,D05_bin.26,D06_bin.82,D07_bin.27,D08_bin.82,E02_bin.10,E08_bin.27,F01_bin.63,F02_bin.72,F03_bin.51,F05_bin.22,F06_bin.54,F07_bin.80,G01_bin.74,G03_bin.79,G04_bin.59,G05_bin.17,G06_bin.94,G08_bin.34,H04_bin.57,H05_bin.2,H06_bin.75	Predicted anaerobe	TRUE	0.9824559525111343	0.3519006719157689
H04_bin.68	d__Bacteria;p__Bacillota;c__Clostridia;o__Lachnospirales;f__Lachnospiraceae;g__Blautia_A;s__Blautia_A ammoniilytica	Blautia A ammoniilytica	Predicted anaerobe	280	1	H04_bin.68	Predicted anaerobe	TRUE	0.9824559525111343	0.3519006719157689
H04_bin.7	d__Bacteria;p__Bacillota;c__Clostridia;o__Lachnospirales;f__Lachnospiraceae;g__Copromonas;s__Copromonas avistercoris	Copromonas avistercoris	Predicted anaerobe	280	1	H04_bin.7	Predicted anaerobe	TRUE	0.9824559525111343	0.3519006719157689
H05_bin.27	d__Bacteria;p__Actinomycetota;c__Coriobacteriia;o__Coriobacteriales;f__Coriobacteriaceae;g__Collinsella;s__	Collinsella	Predicted anaerobe	280	2	F01_bin.21,H05_bin.27	Predicted anaerobe	TRUE	0.9824559525111343	0.3519006719157689
H05_bin.34	d__Bacteria;p__Pseudomonadota;c__Gammaproteobacteria;o__Enterobacterales;f__Enterobacteriaceae;g__Escherichia;s__Escherichia coli	Escherichia coli	Facultative/other	8	11	A09_bin.24,B03_bin.47,C01_bin.43,C07_bin.29,E04_bin.19,E06_bin.65,F08_bin.25,G02_bin.40,G05_bin.91,H01_bin.48,H05_bin.34	Facultative/other	TRUE	0.010925744105273945	0.01646798509219056
H05_bin.38	d__Bacteria;p__Bacteroidota;c__Bacteroidia;o__Bacteroidales;f__Tannerellaceae;g__Parabacteroides;s__Parabacteroides distasonis	Parabacteroides distasonis	Predicted anaerobe	280	41	A01_bin.91,A02_bin.44,A03_bin.43,A05_bin.111,A07_bin.79,A08_bin.63,B01_bin.75,B03_bin.44,B04_bin.52,B05_bin.20,B08_bin.25,B09_bin.73,C01_bin.16,C02_bin.46,C04_bin.40,C08_bin.21,D03_bin.37,D04_bin.64,D05_bin.35,D08_bin.89,E01_bin.14,E02_bin.11,E03_bin.65,E06_bin.28,E07_bin.32,E08_bin.90,F01_bin.40,F03_bin.21,F06_bin.39,F07_bin.76,F08_bin.73,G01_bin.75,G02_bin.49,G07_bin.53,H02_bin.5,H03_bin.31,H04_bin.18,H05_bin.38,H06_bin.43,H07_bin.5,H08_bin.32	Predicted anaerobe	TRUE	0.9824559525111343	0.3519006719157689
H05_bin.41	d__Bacteria;p__Bacillota;c__Clostridia;o__Lachnospirales;f__Lachnospiraceae;g__Faecalimonas;s__Faecalimonas sp029983955	Faecalimonas sp029983955	Predicted anaerobe	280	1	H05_bin.41	Predicted anaerobe	TRUE	0.9824559525111343	0.3519006719157689
H05_bin.43	d__Bacteria;p__Bacillota;c__Clostridia;o__Lachnospirales;f__Lachnospiraceae;g__Roseburia;s__Roseburia rectalis	Roseburia rectalis	Predicted anaerobe	280	40	A02_bin.69,A04_bin.62,A05_bin.45,A06_bin.102,A08_bin.78,A09_bin.53,B01_bin.12,B04_bin.77,B05_bin.46,B08_bin.67,B09_bin.35,C02_bin.45,C03_bin.42,C04_bin.29,C05_bin.61,C07_bin.77,C08_bin.61,D01_bin.21,D02_bin.68,D03_bin.8,D05_bin.23,D06_bin.33,D07_bin.68,D08_bin.78,E02_bin.14,E07_bin.1,E08_bin.3,F01_bin.37,F04_bin.60,F06_bin.48,F07_bin.26,G01_bin.9,G03_bin.28,G07_bin.66,H01_bin.72,H02_bin.12,H04_bin.20,H05_bin.43,H07_bin.66,H08_bin.21	Predicted anaerobe	TRUE	0.9824559525111343	0.3519006719157689
H06_bin.1	d__Bacteria;p__Bacillota;c__Clostridia;o__Oscillospirales;f__Oscillospiraceae;g__Vescimonas;s__Vescimonas sp000435975	Vescimonas sp000435975	Predicted anaerobe	280	3	A07_bin.23,E08_bin.74,H06_bin.1	Predicted anaerobe	TRUE	0.9824559525111343	0.3519006719157689
H06_bin.54	d__Bacteria;p__Bacillota_I;c__Bacilli_A;o__RF39;f__UBA660;g__CAG-914;s__CAG-914 sp000437895	CAG-914 sp000437895	Predicted anaerobe	280	1	C07_bin.60	Predicted anaerobe	TRUE	0.9824559525111343	0.3519006719157689
H06_bin.57	d__Bacteria;p__Bacillota;c__Clostridia;o__Oscillospirales;f__UBA644;g__UBA644;s__UBA644 sp900547165	UBA644 sp900547165	Predicted anaerobe	280	4	B01_bin.48,D03_bin.14,F06_bin.85,H06_bin.57	Predicted anaerobe	TRUE	0.9824559525111343	0.3519006719157689
H06_bin.61	d__Bacteria;p__Bacillota;c__Clostridia;o__Lachnospirales;f__Lachnospiraceae;g__Fusicatenibacter;s__Fusicatenibacter saccharivorans	Fusicatenibacter saccharivorans	Predicted anaerobe	280	35	A03_bin.12,A05_bin.57,B01_bin.28,B02_bin.44,B05_bin.87,B06_bin.74,B07_bin.56,B08_bin.12,C01_bin.37,C03_bin.37,C05_bin.53,C06_bin.54,C07_bin.10,D01_bin.53,D02_bin.63,D03_bin.88,D08_bin.37,E03_bin.20,E06_bin.78,E08_bin.47,F01_bin.56,F02_bin.74,F03_bin.12,F05_bin.41,F06_bin.83,F08_bin.34,G03_bin.33,G05_bin.28,G06_bin.95,H01_bin.35,H02_bin.24,H05_bin.56,H06_bin.61,H07_bin.41,H08_bin.31	Predicted anaerobe	TRUE	0.9824559525111343	0.3519006719157689
H06_bin.64	d__Bacteria;p__Bacillota;c__Clostridia;o__Oscillospirales;f__Ruminococcaceae;g__Ruminiclostridium_E;s__Ruminiclostridium_E siraeum	Ruminiclostridium E siraeum	Predicted anaerobe	280	9	A08_bin.30,C07_bin.30,D05_bin.96,D08_bin.90,F07_bin.3,G01_bin.88,G03_bin.97,G07_bin.90,H06_bin.64	Predicted anaerobe	TRUE	0.9824559525111343	0.3519006719157689
H06_bin.86	d__Bacteria;p__Bacillota_I;c__Bacilli_A;o__ML615J-28;f__CAG-313;g__CAG-313;s__CAG-313 sp900539265	CAG-313 sp900539265	Predicted anaerobe	280	1	H06_bin.86	Predicted anaerobe	TRUE	0.9824559525111343	0.3519006719157689
H07_bin.11	d__Bacteria;p__Bacillota;c__Clostridia;o__Lachnospirales;f__Lachnospiraceae;g__Pilosibacter;s__Pilosibacter sp900066785	Pilosibacter sp900066785	Predicted anaerobe	280	1	H07_bin.11	Predicted anaerobe	TRUE	0.9824559525111343	0.3519006719157689
H07_bin.16	d__Bacteria;p__Bacteroidota;c__Bacteroidia;o__Bacteroidales;f__Bacteroidaceae;g__Bacteroides;s__Bacteroides xylanisolvens	Bacteroides xylanisolvens	Predicted anaerobe	280	1	H07_bin.16	Predicted anaerobe	TRUE	0.9824559525111343	0.3519006719157689
H07_bin.23	d__Bacteria;p__Bacillota;c__Clostridia;o__Oscillospirales;f__Ruminococcaceae;g__Faecalibacterium;s__Faecalibacterium longum	Faecalibacterium longum	Predicted anaerobe	280	22	A03_bin.19,A05_bin.88,A07_bin.8,B01_bin.23,B05_bin.71,C01_bin.56,C06_bin.58,C07_bin.94,D01_bin.65,D02_bin.3,D03_bin.85,D06_bin.21,E06_bin.4,E07_bin.43,E08_bin.53,F04_bin.39,F06_bin.52,H02_bin.46,H03_bin.35,H05_bin.53,H07_bin.23,H08_bin.18	Predicted anaerobe	TRUE	0.9824559525111343	0.3519006719157689
H07_bin.27	d__Bacteria;p__Bacillota;c__Bacilli;o__Lactobacillales;f__Lactobacillaceae;g__Lactobacillus;s__Lactobacillus acidophilus	Lactobacillus acidophilus	Facultative/other	8	1	H07_bin.27	Facultative/other	TRUE	0.010925744105273945	0.01646798509219056
H07_bin.29	d__Bacteria;p__Bacillota;c__Clostridia;o__Oscillospirales;f__Oscillospiraceae;g__Oscillibacter;s__Oscillibacter sp944387015	Oscillibacter sp944387015	Predicted anaerobe	280	1	H07_bin.29	Predicted anaerobe	TRUE	0.9824559525111343	0.3519006719157689
H07_bin.48	d__Bacteria;p__Bacillota;c__Clostridia;o__Lachnospirales;f__Lachnospiraceae;g__Mediterraneibacter;s__Mediterraneibacter faecis	Mediterraneibacter faecis	Predicted anaerobe	280	2	C06_bin.35,H07_bin.48	Predicted anaerobe	TRUE	0.9824559525111343	0.3519006719157689
H07_bin.63	d__Bacteria;p__Bacteroidota;c__Bacteroidia;o__Bacteroidales;f__Bacteroidaceae;g__Bacteroides;s__Bacteroides thetaiotaomicron	Bacteroides thetaiotaomicron	Predicted anaerobe	280	4	B03_bin.55,D07_bin.53,G02_bin.33,H07_bin.63	Predicted anaerobe	TRUE	0.9824559525111343	0.3519006719157689
H08_bin.15	d__Bacteria;p__Bacillota;c__Clostridia;o__Lachnospirales;f__Lachnospiraceae;g__Otoolea;s__Otoolea fessa	Otoolea fessa	Predicted anaerobe	280	5	B09_bin.55,D02_bin.45,E07_bin.65,F07_bin.87,H08_bin.15	Predicted anaerobe	TRUE	0.9824559525111343	0.3519006719157689
